"Secteur","Code","LibellePrincipal","CheminDepot","Url","DocumentsAssocies"
"Agriculture_AGRI","AGRI-EQ-101","AGRI-EQ-101 vA14-1 : Module d’intégration de température installé sur un ordinateur climatique PDF – 107.35 Ko","Agriculture_AGRI/AGRI-EQ-101 vA14-1.pdf","https://www.ecologie.gouv.fr/sites/default/files/documents/AGRI-EQ-101%20vA14-1.pdf","3"
"Agriculture_AGRI","AGRI-EQ-102","AGRI-EQ-102 vA65-2 à compter du 01-04-2025 : Double écran thermique PDF – 110.75 Ko","Agriculture_AGRI/AGRI-EQ-102 vA65-2 à compter du 01-04-2025_0.pdf","https://www.ecologie.gouv.fr/sites/default/files/documents/AGRI-EQ-102%20vA65-2%20%C3%A0%20compter%20du%2001-04-2025_0.pdf","3"
"Agriculture_AGRI","AGRI-EQ-104","AGRI-EQ-104 vA62-2 à compter du 01-01-2025 : Ecrans thermiques latéraux PDF – 112.43 Ko","Agriculture_AGRI/AGRI-EQ-104 vA62-2 à compter du 01-01-2025_0.pdf","https://www.ecologie.gouv.fr/sites/default/files/documents/AGRI-EQ-104%20vA62-2%20%C3%A0%20compter%20du%2001-01-2025_0.pdf","3"
"Agriculture_AGRI","AGRI-EQ-105","AGRI-EQ-105 vA28-1 à compter du 19-12-2018 : Stop & Start pour véhicules agricoles à moteur PDF – 115.65 Ko","Agriculture_AGRI/AGRI-EQ-105 vA28-1 à compter du 19-12-2018.pdf","https://www.ecologie.gouv.fr/sites/default/files/documents/AGRI-EQ-105%20vA28-1%20%C3%A0%20compter%20du%2019-12-2018.pdf","5"
"Agriculture_AGRI","AGRI-EQ-106","AGRI-EQ-106 vA32-1 : Régulation de la ventilation des silos et des installations de stockage en vrac de céréales PDF – 123.51 Ko","Agriculture_AGRI/AGRI-EQ-106 vA32-1.pdf","https://www.ecologie.gouv.fr/sites/default/files/documents/AGRI-EQ-106%20vA32-1.pdf","3"
"Agriculture_AGRI","AGRI-EQ-107","AGRI-EQ-107 vA38-1 à compter du 31-07-2021 : Isolation des parois de serre PDF – 130.41 Ko","Agriculture_AGRI/AGRI-EQ-107 vA38-1 à compter du 31-07-2021.pdf","https://www.ecologie.gouv.fr/sites/default/files/documents/AGRI-EQ-107%20vA38-1%20%C3%A0%20compter%20du%2031-07-2021.pdf","1"
"Agriculture_AGRI","AGRI-EQ-108","AGRI-EQ-108 vA58-2 à compter du 01-02-2024 : Stockage d’eau pour une serre bioclimatique PDF – 122.17 Ko","Agriculture_AGRI/AGRI-EQ-108 vA58-2 à compter du 01-02-2024_0.pdf","https://www.ecologie.gouv.fr/sites/default/files/documents/AGRI-EQ-108%20vA58-2%20%C3%A0%20compter%20du%2001-02-2024_0.pdf","3"
"Agriculture_AGRI","AGRI-EQ-109","AGRI-EQ-109 vA58-2 à compter du 01-02-2024 : Couverture performante de serre PDF – 123.29 Ko","Agriculture_AGRI/AGRI-EQ-109 vA58-2 à compter du 01-02-2024_0.pdf","https://www.ecologie.gouv.fr/sites/default/files/documents/AGRI-EQ-109%20vA58-2%20%C3%A0%20compter%20du%2001-02-2024_0.pdf","3"
"Agriculture_AGRI","AGRI-EQ-110","AGRI-EQ-110 vA38-1 à compter du 31-07-2021 : Séchage solaire par insufflation des produits et co-produits agricoles et forestiers utilisant des panneaux solaires hybrides PDF – 129.54 Ko","Agriculture_AGRI/AGRI-EQ-110 vA38-1 à compter du 31-07-2021.pdf","https://www.ecologie.gouv.fr/sites/default/files/documents/AGRI-EQ-110%20vA38-1%20%C3%A0%20compter%20du%2031-07-2021.pdf","3"
"Agriculture_AGRI","AGRI-EQ-111","AGRI-EQ-111 vA62-1 à compter du 31-08-2024 : Simple écran thermique PDF – 122.65 Ko","Agriculture_AGRI/AGRI-EQ-111 vA62-1 à compter du 31-08-2024_0.pdf","https://www.ecologie.gouv.fr/sites/default/files/documents/AGRI-EQ-111%20vA62-1%20%C3%A0%20compter%20du%2031-08-2024_0.pdf","3"
"Agriculture_AGRI","AGRI-EQ-112","AGRI-EQ-112 vA73-3 à compter du 01-09-2025 : Double paroi gonflable PDF – 115.38 Ko","Agriculture_AGRI/AGRI-EQ-112 vA73-3 à compter du 01-09-2025_0.pdf","https://www.ecologie.gouv.fr/sites/default/files/documents/AGRI-EQ-112%20vA73-3%20%C3%A0%20compter%20du%2001-09-2025_0.pdf","3"
"Agriculture_AGRI","AGRI-SE-101","AGRI-SE-101 vA40-2 à compter du 01-04-2022 : Contrôle et préconisations de réglage du moteur d’un tracteur PDF – 115.42 Ko","Agriculture_AGRI/AGRI-SE-101 vA40-2 à compter du 01-04-2022_0.pdf","https://www.ecologie.gouv.fr/sites/default/files/documents/AGRI-SE-101%20vA40-2%20%C3%A0%20compter%20du%2001-04-2022_0.pdf","5"
"Agriculture_AGRI","AGRI-TH-101","AGRI-TH-101 vA62-2 à compter du 01-01-2025 : Dispositif de stockage d’eau chaude de type « Open Buffer » PDF – 124.06 Ko","Agriculture_AGRI/AGRI-TH-101 vA62-2 à compter du 01-01-2025.pdf","https://www.ecologie.gouv.fr/sites/default/files/documents/AGRI-TH-101%20vA62-2%20%C3%A0%20compter%20du%2001-01-2025.pdf","3"
"Agriculture_AGRI","AGRI-TH-102","AGRI-TH-102 vA14-1 : Dispositif de stockage d’eau chaude PDF – 104.36 Ko","Agriculture_AGRI/AGRI-TH-102 vA14-1.pdf","https://www.ecologie.gouv.fr/sites/default/files/documents/AGRI-TH-102%20vA14-1.pdf","3"
"Agriculture_AGRI","AGRI-TH-103","AGRI-TH-103 vA15-1 : Pré-refroidisseur de lait PDF – 111.58 Ko","Agriculture_AGRI/AGRI-TH-103 vA15-1.pdf","https://www.ecologie.gouv.fr/sites/default/files/documents/AGRI-TH-103%20vA15-1.pdf","3"
"Agriculture_AGRI","AGRI-TH-104","AGRI-TH-104 vA35-3 à compter du 01-10-2020 : Système de récupération de chaleur sur un groupe de production de froid hors tanks à lait PDF – 146.66 Ko","Agriculture_AGRI/AGRI-TH-104 vA35-3 à compter du 01-10-2020.pdf","https://www.ecologie.gouv.fr/sites/default/files/documents/AGRI-TH-104%20vA35-3%20%C3%A0%20compter%20du%2001-10-2020.pdf","3"
"Agriculture_AGRI","AGRI-TH-105","AGRI-TH-105 vA16-1 : Récupérateur de chaleur sur tank à lait PDF – 110.02 Ko","Agriculture_AGRI/AGRI-TH-105 vA16-1.pdf","https://www.ecologie.gouv.fr/sites/default/files/documents/AGRI-TH-105%20vA16-1.pdf","3"
"Agriculture_AGRI","AGRI-TH-108","AGRI-TH-108 vA35-2 à compter du 01-10-2020 : Pompe à chaleur de type air/eau ou eau/eau PDF – 132.25 Ko","Agriculture_AGRI/AGRI-TH-108 vA35-2 à compter du 01-10-2020.pdf","https://www.ecologie.gouv.fr/sites/default/files/documents/AGRI-TH-108%20vA35-2%20%C3%A0%20compter%20du%2001-10-2020.pdf","3"
"Agriculture_AGRI","AGRI-TH-109","AGRI-TH-109 vA54-2 à compter du 01-01-2024 : Récupérateur de chaleur à condensation pour serres horticoles PDF – 114.62 Ko","Agriculture_AGRI/AGRI-TH-109 vA54-2 à compter du 01-01-2024_0.pdf","https://www.ecologie.gouv.fr/sites/default/files/documents/AGRI-TH-109%20vA54-2%20%C3%A0%20compter%20du%2001-01-2024_0.pdf","3"
"Agriculture_AGRI","AGRI-TH-110","AGRI-TH-110 vA54-3 à compter du 01-01-2024 : Chaudière à haute performance énergétique pour serres horticoles PDF – 119.87 Ko","Agriculture_AGRI/AGRI-TH-110 vA54-3 à compter du 01-01-2024_0.pdf","https://www.ecologie.gouv.fr/sites/default/files/documents/AGRI-TH-110%20vA54-3%20%C3%A0%20compter%20du%2001-01-2024_0.pdf","3"
"Agriculture_AGRI","AGRI-TH-113","AGRI-TH-113 vA14-1 : Échangeur récupérateur de chaleur air/air dans un bâtiment d’élevage de volailles PDF – 116.49 Ko","Agriculture_AGRI/AGRI-TH-113 vA14-1.pdf","https://www.ecologie.gouv.fr/sites/default/files/documents/AGRI-TH-113%20vA14-1.pdf","4"
"Agriculture_AGRI","AGRI-TH-117","AGRI-TH-117 vA73-3 à compter du 01-09-2025 : Déshumidificateur thermodynamique pour serres PDF – 143.66 Ko","Agriculture_AGRI/AGRI-TH-117 vA73-3 à compter du 01-09-2025_0.pdf","https://www.ecologie.gouv.fr/sites/default/files/documents/AGRI-TH-117%20vA73-3%20%C3%A0%20compter%20du%2001-09-2025_0.pdf","3"
"Agriculture_AGRI","AGRI-TH-118","AGRI-TH-118 vA14-1 - Partie A : Double tube de chauffage pour serres PDF – 103.91 Ko","Agriculture_AGRI/AGRI-TH-118 vA14-1 - Partie A.pdf","https://www.ecologie.gouv.fr/sites/default/files/documents/AGRI-TH-118%20vA14-1%20-%20Partie%20A.pdf","3"
"Agriculture_AGRI","AGRI-TH-119","AGRI-TH-119 vA65-2 à compter du 01-04-2025 : Système de déshumidification avec air extérieur PDF – 121.31 Ko","Agriculture_AGRI/AGRI-TH-119 vA65-2 à compter du 01-04-2025_0.pdf","https://www.ecologie.gouv.fr/sites/default/files/documents/AGRI-TH-119%20vA65-2%20%C3%A0%20compter%20du%2001-04-2025_0.pdf","3"
"Agriculture_AGRI","AGRI-UT-101","AGRI-UT-101 vA24-2 après le 01-04-2017 : Moto-variateur synchrone à aimants permanents ou à reluctance PDF – 127.74 Ko","Agriculture_AGRI/AGRI-UT-101 vA24-2 après le 01-04-2017.pdf","https://www.ecologie.gouv.fr/sites/default/files/documents/AGRI-UT-101%20vA24-2%20apr%C3%A8s%20le%2001-04-2017.pdf","3"
"Agriculture_AGRI","AGRI-UT-102","AGRI-UT-102 vA22-2 : Système de variation électronique de vitesse sur un moteur asynchrone PDF – 120.25 Ko","Agriculture_AGRI/AGRI-UT-102 vA22-2.pdf","https://www.ecologie.gouv.fr/sites/default/files/documents/AGRI-UT-102%20vA22-2.pdf","3"
"Agriculture_AGRI","AGRI-UT-103","AGRI-UT-103 vA19-1 : Système de régulation sur un groupe de production de froid permettant d’avoir une basse pression flottante PDF – 107.22 Ko","Agriculture_AGRI/AGRI-UT-103 vA19-1.pdf","https://www.ecologie.gouv.fr/sites/default/files/documents/AGRI-UT-103%20vA19-1.pdf","3"
"Agriculture_AGRI","AGRI-UT-104","AGRI-UT-104 vA23-1 : Système de régulation sur un groupe de production de froid permettant d’avoir une haute pression flottante PDF – 147.21 Ko","Agriculture_AGRI/AGRI-UT-104 vA23-1.pdf","https://www.ecologie.gouv.fr/sites/default/files/documents/AGRI-UT-104%20vA23-1.pdf","3"
"Industrie_IND","IND-BA-110","IND-BA-110 vA71-4 à compter du 01-08-2025 : Déstratificateur ou brasseur d'air PDF – 130.22 Ko","Industrie_IND/IND-BA-110 vA71-4 à compter du 01-08-2025.pdf","https://www.ecologie.gouv.fr/sites/default/files/documents/IND-BA-110%20vA71-4%20%C3%A0%20compter%20du%2001-08-2025.pdf","3"
"Industrie_IND","IND-BA-113","IND-BA-113 vA26-1 : Lanterneaux d’éclairage zénithal (France Métropolitaine) PDF – 120.51 Ko","Industrie_IND/IND-BA-113 vA26-1.pdf","https://www.ecologie.gouv.fr/sites/default/files/documents/IND-BA-113%20vA26-1.pdf","3"
"Industrie_IND","IND-BA-114","IND-BA-114 vA15-1 : Conduits de lumière naturelle PDF – 110.31 Ko","Industrie_IND/IND-BA-114 vA15-1.pdf","https://www.ecologie.gouv.fr/sites/default/files/documents/IND-BA-114%20vA15-1.pdf","3"
"Industrie_IND","IND-BA-117","IND-BA-117 vA27-1 : Chauffage décentralisé performant PDF – 128.56 Ko","Industrie_IND/IND-BA-117 vA27-1.pdf","https://www.ecologie.gouv.fr/sites/default/files/documents/IND-BA-117%20vA27-1.pdf","3"
"Industrie_IND","IND-EN-101","IND-EN-101 vA23-1 : Isolation des murs (France d’outre-mer) PDF – 107.6 Ko","Industrie_IND/IND-EN-101 vA23-1.pdf","https://www.ecologie.gouv.fr/sites/default/files/documents/IND-EN-101%20vA23-1.pdf","3"
"Industrie_IND","IND-EN-102","IND-EN-102 vA64-3 à compter du 01-01-2025 : Isolation de combles ou de toitures (France d’outre-mer) PDF – 118.43 Ko","Industrie_IND/IND-EN-102 vA64-3 à compter du 01-01-2025_0.pdf","https://www.ecologie.gouv.fr/sites/default/files/documents/IND-EN-102%20vA64-3%20%C3%A0%20compter%20du%2001-01-2025_0.pdf","3"
"Industrie_IND","IND-UT-102","IND-UT-102 vA19-2 : Système de variation électronique de vitesse sur un moteur asynchrone PDF – 112.56 Ko","Industrie_IND/IND-UT-102 vA19-2_0.pdf","https://www.ecologie.gouv.fr/sites/default/files/documents/IND-UT-102%20vA19-2_0.pdf","3"
"Industrie_IND","IND-UT-103","IND-UT-103 vA17-2 : Système de récupération de chaleur sur un compresseur d’air PDF – 119.51 Ko","Industrie_IND/IND-UT-103 vA17-2.pdf","https://www.ecologie.gouv.fr/sites/default/files/documents/IND-UT-103%20vA17-2.pdf","3"
"Industrie_IND","IND-UT-104","IND-UT-104 vA14-1 : Économiseur sur les effluents gazeux d’une chaudière de production de vapeur PDF – 111.68 Ko","Industrie_IND/IND-UT-104 vA14-1.pdf","https://www.ecologie.gouv.fr/sites/default/files/documents/IND-UT-104%20vA14-1.pdf","3"
"Industrie_IND","IND-UT-105","IND-UT-105 vA14-1 : Brûleur micromodulant sur chaudière industrielle PDF – 143.24 Ko","Industrie_IND/IND-UT-105 vA14-1.pdf","https://www.ecologie.gouv.fr/sites/default/files/documents/IND-UT-105%20vA14-1.pdf","3"
"Industrie_IND","IND-UT-113","IND-UT-113 vA14-1 : Système de condensation frigorifique à haute efficacité PDF – 161.74 Ko","Industrie_IND/IND-UT-113 vA14-1.pdf","https://www.ecologie.gouv.fr/sites/default/files/documents/IND-UT-113%20vA14-1.pdf","3"
"Industrie_IND","IND-UT-114","IND-UT-114 v A24-2 après le 01-04-2017 : Moto-variateur synchrone à aimants permanents ou à reluctance PDF – 113.07 Ko","Industrie_IND/IND-UT-114 v A24-2 après le 01-04-2017_0.pdf","https://www.ecologie.gouv.fr/sites/default/files/documents/IND-UT-114%20v%20A24-2%20apr%C3%A8s%20le%2001-04-2017_0.pdf","3"
"Industrie_IND","IND-UT-115","IND-UT-115 v A15-1 : Système de régulation sur un groupe de production de froid permettant d’avoir une basse pression flottante PDF – 99.85 Ko","Industrie_IND/IND-UT-115 v A15-1.pdf","https://www.ecologie.gouv.fr/sites/default/files/documents/IND-UT-115%20v%20A15-1.pdf","3"
"Industrie_IND","IND-UT-116","IND-UT-116 vA14-1 : Système de régulation sur un groupe de production de froid permettant d’avoir une haute pression flottante PDF – 138.09 Ko","Industrie_IND/IND-UT-116 vA14-1.pdf","https://www.ecologie.gouv.fr/sites/default/files/documents/IND-UT-116%20vA14-1.pdf","3"
"Industrie_IND","IND-UT-118","IND-UT-118 v A14-1 : Brûleur avec dispositif de récupération de chaleur sur un four industriel PDF – 126.31 Ko","Industrie_IND/IND-UT-118 v A14-1.pdf","https://www.ecologie.gouv.fr/sites/default/files/documents/IND-UT-118%20v%20A14-1.pdf","3"
"Industrie_IND","IND-UT-120","IND-UT-120 v A14-1 : Compresseur d’air basse pression à vis ou centrifuge PDF – 101.92 Ko","Industrie_IND/IND-UT-120 v A14-1.pdf","https://www.ecologie.gouv.fr/sites/default/files/documents/IND-UT-120%20v%20A14-1.pdf","3"
"Industrie_IND","IND-UT-122","IND-UT-122 v A14-1 : Sécheur d'air comprimé à adsorption utilisant un apport calorifique pour sa régénération PDF – 107.91 Ko","Industrie_IND/IND-UT-122 v A14-1.pdf","https://www.ecologie.gouv.fr/sites/default/files/documents/IND-UT-122%20v%20A14-1.pdf","3"
"Industrie_IND","IND-UT-124","IND-UT-124 v A14-1 : Séquenceur électronique pour le pilotage d’une centrale de production d’air comprimé PDF – 111.7 Ko","Industrie_IND/IND-UT-124 v A14-1.pdf","https://www.ecologie.gouv.fr/sites/default/files/documents/IND-UT-124%20v%20A14-1.pdf","3"
"Industrie_IND","IND-UT-125","IND-UT-125 v A14-1 : Traitement d’eau performant sur chaudière de production de vapeur PDF – 150.62 Ko","Industrie_IND/IND-UT-125 v A14-1.pdf","https://www.ecologie.gouv.fr/sites/default/files/documents/IND-UT-125%20v%20A14-1.pdf","3"
"Industrie_IND","IND-UT-127","IND-UT-127 v A25-2 après le 01-04-2017 : Système de transmission performant PDF – 109.65 Ko","Industrie_IND/IND-UT-127 v A25-2 après le 01-04-2017_0.pdf","https://www.ecologie.gouv.fr/sites/default/files/documents/IND-UT-127%20v%20A25-2%20apr%C3%A8s%20le%2001-04-2017_0.pdf","3"
"Industrie_IND","IND-UT-129","IND-UT-129 v A32-3 : Presse à injecter tout électrique ou hybride PDF – 126.44 Ko","Industrie_IND/IND-UT-129 v A32-3.pdf","https://www.ecologie.gouv.fr/sites/default/files/documents/IND-UT-129%20v%20A32-3.pdf","3"
"Industrie_IND","IND-UT-130","IND-UT-130 v A19-1 : Condenseur sur les effluents gazeux d’une chaudière de production de vapeur PDF – 112.42 Ko","Industrie_IND/IND-UT-130 v A19-1.pdf","https://www.ecologie.gouv.fr/sites/default/files/documents/IND-UT-130%20v%20A19-1.pdf","3"
"Industrie_IND","IND-UT-131","IND-UT-131 vA37-2 à compter du 01-04-2021 : Isolation thermique des parois planes ou cylindriques sur des installations industrielles (France métropolitaine) PDF – 142.01 Ko","Industrie_IND/IND-UT-131 vA37-2 à compter du 01-04-2021_0.pdf","https://www.ecologie.gouv.fr/sites/default/files/documents/IND-UT-131%20vA37-2%20%C3%A0%20compter%20du%2001-04-2021_0.pdf","3"
"Industrie_IND","IND-UT-132","IND-UT-132 vA26-1 : Moteur asynchrone de classe IE4 PDF – 116.39 Ko","Industrie_IND/IND-UT-132 vA26-1.pdf","https://www.ecologie.gouv.fr/sites/default/files/documents/IND-UT-132%20vA26-1.pdf","3"
"Industrie_IND","IND-UT-133","IND-UT-133 vA28-1 : Système électronique de pilotage d’un moteur électrique avec récupération d’énergie PDF – 124.28 Ko","Industrie_IND/IND-UT-133 vA28-1.pdf","https://www.ecologie.gouv.fr/sites/default/files/documents/IND-UT-133%20vA28-1.pdf","3"
"Industrie_IND","IND-UT-134","IND-UT-134 v A35-2 à compter du 01-10-2020 : Système de mesurage d’indicateurs de performance énergétique PDF – 153.63 Ko","Industrie_IND/IND-UT-134 v A35-2 à compter du 01-10-2020_0.pdf","https://www.ecologie.gouv.fr/sites/default/files/documents/IND-UT-134%20v%20A35-2%20%C3%A0%20compter%20du%2001-10-2020_0.pdf","3"
"Industrie_IND","IND-UT-135","IND-UT-135 v A31-1 : Freecooling par eau de refroidissement en substitution d'un groupe froid PDF – 131.76 Ko","Industrie_IND/IND-UT-135 v A31-1.pdf","https://www.ecologie.gouv.fr/sites/default/files/documents/IND-UT-135%20v%20A31-1.pdf","3"
"Industrie_IND","IND-UT-137","IND-UT-137 vA65-2 à compter du 01-01-2025 : Mise en place d’un système de pompe(s) à chaleur en rehausse de température de chaleur fatale récupérée PDF – 214.4 Ko","Industrie_IND/IND-UT-137 vA65-2 à compter du 01-01-2025_0.pdf","https://www.ecologie.gouv.fr/sites/default/files/documents/IND-UT-137%20vA65-2%20%C3%A0%20compter%20du%2001-01-2025_0.pdf","3"
"Industrie_IND","IND-UT-138","IND-UT-138 vA62-1 à compter du 01-01-2025 : Conversion de chaleur fatale en électricité ou en air comprimé PDF – 228.86 Ko","Industrie_IND/IND-UT-138 vA62-1 à compter du 01-01-2025_0.pdf","https://www.ecologie.gouv.fr/sites/default/files/documents/IND-UT-138%20vA62-1%20%C3%A0%20compter%20du%2001-01-2025_0.pdf","3"
"Industrie_IND","IND-UT-139","IND-UT-139 vA73-2 à compter du 01-11-2025 : Système de stockage de chaleur fatale PDF – 125.91 Ko","Industrie_IND/IND-UT-139 vA73-2 à compter du 01-11-2025_0.pdf","https://www.ecologie.gouv.fr/sites/default/files/documents/IND-UT-139%20vA73-2%20%C3%A0%20compter%20du%2001-11-2025_0.pdf","3"
"Industrie_IND","IND-UT-140","IND-UT-140 vA65-1 à compter du 01-01-2025 : Mise en veille automatique d’une machine utilisant de l’air comprimé PDF – 127.86 Ko","Industrie_IND/IND-UT-140 vA65-1 à compter du 01-01-2025_0.pdf","https://www.ecologie.gouv.fr/sites/default/files/documents/IND-UT-140%20vA65-1%20%C3%A0%20compter%20du%2001-01-2025_0.pdf","3"
"Reseaux_RES","RES-CH-103","RES-CH-103 vA36-3 à compter du 12-10-2020 : Réhabilitation d’un poste de livraison de chaleur d’un bâtiment tertiaire PDF – 113.31 Ko","Reseaux_RES/RES-CH-103 vA36-3 à compter du 12-10-2020_0.pdf","https://www.ecologie.gouv.fr/sites/default/files/documents/RES-CH-103%20vA36-3%20%C3%A0%20compter%20du%2012-10-2020_0.pdf","3"
"Reseaux_RES","RES-CH-104","RES-CH-104 vA36-3 à compter du 12-10-2020 : Réhabilitation d’un poste de livraison de chaleur d’un bâtiment résidentiel PDF – 106.43 Ko","Reseaux_RES/RES-CH-104 vA36-3 à compter du 12-10-2020_0.pdf","https://www.ecologie.gouv.fr/sites/default/files/documents/RES-CH-104%20vA36-3%20%C3%A0%20compter%20du%2012-10-2020_0.pdf","3"
"Reseaux_RES","RES-CH-105","RES-CH-105 vA36-3 à compter du 12-10-2020 : Passage d'un réseau de chaleur en basse température PDF – 129.03 Ko","Reseaux_RES/RES-CH-105 vA36-3 à compter du 12-10-2020_0.pdf","https://www.ecologie.gouv.fr/sites/default/files/documents/RES-CH-105%20vA36-3%20%C3%A0%20compter%20du%2012-10-2020_0.pdf","3"
"Reseaux_RES","RES-CH-106","RES-CH-106 vA60-4 à compter du 01-03-2024 : Mise en place d’un calorifugeage des canalisations d’un réseau de chaleur PDF – 235.6 Ko","Reseaux_RES/RES-CH-106 vA60-4 à compter du 01-03-2024_0.pdf","https://www.ecologie.gouv.fr/sites/default/files/documents/RES-CH-106%20vA60-4%20%C3%A0%20compter%20du%2001-03-2024_0.pdf","3"
"Reseaux_RES","RES-CH-108","RES-CH-108 vA53-4 à compter du 01-10-2023 : Récupération de chaleur fatale pour valorisation sur un réseau de chaleur ou vers un tiers (France métropolitaine) PDF – 109.04 Ko","Reseaux_RES/RES-CH-108 vA53-4 à compter du 01-10-2023_1.pdf","https://www.ecologie.gouv.fr/sites/default/files/documents/RES-CH-108%20vA53-4%20%C3%A0%20compter%20du%2001-10-2023_1.pdf","3"
"Reseaux_RES","RES-EC-104","RES-EC-104 vA77-3 à compter du 26-11-2025 : Rénovation d’éclairage extérieur PDF – 126.74 Ko","Reseaux_RES/RES-EC-104 vA77-3 à compter du 26-11-2025_1.pdf","https://www.ecologie.gouv.fr/sites/default/files/documents/RES-EC-104%20vA77-3%20%C3%A0%20compter%20du%2026-11-2025_1.pdf","3"
"Residentiel_BAR","BAR-EN-101","BAR-EN-101 vA64-6 à compter du 01-01-2025 : Isolation de combles ou de toitures PDF – 150.44 Ko","Residentiel_BAR/BAR-EN-101 vA64-6 à compter du 01-01-2025_1.pdf","https://www.ecologie.gouv.fr/sites/default/files/documents/BAR-EN-101%20vA64-6%20%C3%A0%20compter%20du%2001-01-2025_1.pdf","3"
"Residentiel_BAR","BAR-EN-102","BAR-EN-102 vA65-4 à compter du 01-01-2025 : Isolation des murs PDF – 135.13 Ko","Residentiel_BAR/BAR-EN-102 vA65-4 à compter du 01-01-2025_1.pdf","https://www.ecologie.gouv.fr/sites/default/files/documents/BAR-EN-102%20vA65-4%20%C3%A0%20compter%20du%2001-01-2025_1.pdf","3"
"Residentiel_BAR","BAR-EN-103","BAR-EN-103 vA64-6 à compter du 01-01-2025 : Isolation d’un plancher PDF – 126.73 Ko","Residentiel_BAR/BAR-EN-103 vA64-6 à compter du 01-01-2025_1.pdf","https://www.ecologie.gouv.fr/sites/default/files/documents/BAR-EN-103%20vA64-6%20%C3%A0%20compter%20du%2001-01-2025_1.pdf","3"
"Residentiel_BAR","BAR-EN-104","BAR-EN-104 vA54-2 à compter du 01-01-2024 : Fenêtre ou porte-fenêtre complète avec vitrage isolant PDF – 128.18 Ko","Residentiel_BAR/BAR-EN-104 vA54-2 à compter du 01-01-2024_1.pdf","https://www.ecologie.gouv.fr/sites/default/files/documents/BAR-EN-104%20vA54-2%20%C3%A0%20compter%20du%2001-01-2024_1.pdf","3"
"Residentiel_BAR","BAR-EN-105","BAR-EN-105 vA64-4 à compter du 01-01-2025 : Isolation des toitures terrasses PDF – 148.04 Ko","Residentiel_BAR/BAR-EN-105 vA64-4 à compter du 01-01-2025_2.pdf","https://www.ecologie.gouv.fr/sites/default/files/documents/BAR-EN-105%20vA64-4%20%C3%A0%20compter%20du%2001-01-2025_2.pdf","3"
"Residentiel_BAR","BAR-EN-106","BAR-EN-106 vA64-5 à compter du 01-01-2025 : Isolation de combles ou de toitures (France d’outre-mer) PDF – 125.38 Ko","Residentiel_BAR/BAR-EN-106 vA64-5 à compter du 01-01-2025_1.pdf","https://www.ecologie.gouv.fr/sites/default/files/documents/BAR-EN-106%20vA64-5%20%C3%A0%20compter%20du%2001-01-2025_1.pdf","3"
"Residentiel_BAR","BAR-EN-107","BAR-EN-107 vA64-4 à compter du 01-01-2025 : Isolation des murs (France d’outre-mer) PDF – 126.51 Ko","Residentiel_BAR/BAR-EN-107 vA64-4 à compter du 01-01-2025_1.pdf","https://www.ecologie.gouv.fr/sites/default/files/documents/BAR-EN-107%20vA64-4%20%C3%A0%20compter%20du%2001-01-2025_1.pdf","3"
"Residentiel_BAR","BAR-EN-108","BAR-EN-108 vA54-3 à compter du 01-01-2024 : Fermeture isolante PDF – 121.83 Ko","Residentiel_BAR/BAR-EN-108 vA54-3 à compter du 01-01-2024_1.pdf","https://www.ecologie.gouv.fr/sites/default/files/documents/BAR-EN-108%20vA54-3%20%C3%A0%20compter%20du%2001-01-2024_1.pdf","3"
"Residentiel_BAR","BAR-EN-109","BAR-EN-109 vA24-1 : Réduction des apports solaires par la toiture (France d'outre-mer) PDF – 135.8 Ko","Residentiel_BAR/BAR-EN-109 vA24-1.pdf","https://www.ecologie.gouv.fr/sites/default/files/documents/BAR-EN-109%20vA24-1.pdf","3"
"Residentiel_BAR","BAR-EN-110","BAR-EN-110 vA35-1 : Fenêtre ou porte-fenêtre complète avec vitrage pariétodynamique PDF – 133.02 Ko","Residentiel_BAR/BAR-EN-110 vA35-1.pdf","https://www.ecologie.gouv.fr/sites/default/files/documents/BAR-EN-110%20vA35-1.pdf","3"
"Residentiel_BAR","BAR-EQ-115","BAR-EQ-115 vA28-1 : Dispositif d’affichage et d’interprétation des consommations d’énergie PDF – 142.04 Ko","Residentiel_BAR/BAR-EQ-115 vA28-1.pdf","https://www.ecologie.gouv.fr/sites/default/files/documents/BAR-EQ-115%20vA28-1.pdf","3"
"Residentiel_BAR","BAR-SE-104","BAR-SE-104 vA19-1 : Réglage des organes d’équilibrage d’une installation de chauffage à eau chaude PDF – 109.08 Ko","Residentiel_BAR/BAR-SE-104 vA19-1.pdf","https://www.ecologie.gouv.fr/sites/default/files/documents/BAR-SE-104%20vA19-1.pdf","3"
"Residentiel_BAR","BAR-SE-105","BAR-SE-105 vA28-1 : Contrat de Performance Energétique Services (CPE Services) PDF – 149.74 Ko","Residentiel_BAR/BAR-SE-105 vA28-1.pdf","https://www.ecologie.gouv.fr/sites/default/files/documents/BAR-SE-105%20vA28-1.pdf","3"
"Residentiel_BAR","BAR-SE-106","BAR-SE-106 vA32-1 : Service de suivi des consommations d’énergie PDF – 126.78 Ko","Residentiel_BAR/BAR-SE-106 vA32-1.pdf","https://www.ecologie.gouv.fr/sites/default/files/documents/BAR-SE-106%20vA32-1.pdf","3"
"Residentiel_BAR","BAR-SE-107","BAR-SE-107 vA37-1 à compter du 31-12-2020 : Abaissement de la température de retour vers un réseau de chaleur PDF – 118.45 Ko","Residentiel_BAR/BAR-SE-107 vA37-1 à compter du 31-12-2020_0.pdf","https://www.ecologie.gouv.fr/sites/default/files/documents/BAR-SE-107%20vA37-1%20%C3%A0%20compter%20du%2031-12-2020_0.pdf","3"
"Residentiel_BAR","BAR-SE-108","BAR-SE-108 vA71-3 à compter du 01-08-2025 : Désembouage d’un réseau hydraulique individuel de chauffage en France métropolitaine PDF – 115.32 Ko","Residentiel_BAR/BAR-SE-108 vA71-3 à compter du 01-08-2025.pdf","https://www.ecologie.gouv.fr/sites/default/files/documents/BAR-SE-108%20vA71-3%20%C3%A0%20compter%20du%2001-08-2025.pdf","3"
"Residentiel_BAR","BAR-TH-101","BAR-TH-101 vA78-3 à compter du 01-01-2026 : Chauffe-eau solaire individuel (France métropolitaine) PDF – 126.55 Ko","Residentiel_BAR/BAR-TH-101 vA78-3 à compter du 01-01-2026.pdf","https://www.ecologie.gouv.fr/sites/default/files/documents/BAR-TH-101%20vA78-3%20%C3%A0%20compter%20du%2001-01-2026.pdf","3"
"Residentiel_BAR","BAR-TH-102","BAR-TH-102 vA17-1 : Chauffe-eau solaire collectif (France métropolitaine) PDF – 113 Ko","Residentiel_BAR/BAR-TH-102 vA17-1.pdf","https://www.ecologie.gouv.fr/sites/default/files/documents/BAR-TH-102%20vA17-1.pdf","3"
"Residentiel_BAR","BAR-TH-110","BAR-TH-110 vA16-1 : Radiateur basse température pour un chauffage central PDF – 112.21 Ko","Residentiel_BAR/BAR-TH-110 vA16-1.pdf","https://www.ecologie.gouv.fr/sites/default/files/documents/BAR-TH-110%20vA16-1.pdf","3"
"Residentiel_BAR","BAR-TH-111","BAR-TH-111 vA17-1 : Régulation par sonde de température extérieure PDF – 114.01 Ko","Residentiel_BAR/BAR-TH-111 vA17-1.pdf","https://www.ecologie.gouv.fr/sites/default/files/documents/BAR-TH-111%20vA17-1.pdf","3"
"Residentiel_BAR","BAR-TH-112","BAR-TH-112 vA46-3 à compter du 01-10-2022 : Appareil indépendant de chauffage au bois PDF – 128.4 Ko","Residentiel_BAR/BAR-TH-112 vA46-3 à compter du 01-10-2022_1.pdf","https://www.ecologie.gouv.fr/sites/default/files/documents/BAR-TH-112%20vA46-3%20%C3%A0%20compter%20du%2001-10-2022_1.pdf","3"
"Residentiel_BAR","BAR-TH-113","BAR-TH-113 vA79-4 à compter du 01-01-2026 : Chaudière biomasse individuelle PDF – 133.58 Ko","Residentiel_BAR/BAR-TH-113 vA79-4 à compter du 01-01-2026_1.pdf","https://www.ecologie.gouv.fr/sites/default/files/documents/BAR-TH-113%20vA79-4%20%C3%A0%20compter%20du%2001-01-2026_1.pdf","3"
"Residentiel_BAR","BAR-TH-116","BAR-TH-116 vA17-1 : Plancher chauffant hydraulique à basse température PDF – 119.2 Ko","Residentiel_BAR/BAR-TH-116 vA17-1.pdf","https://www.ecologie.gouv.fr/sites/default/files/documents/BAR-TH-116%20vA17-1.pdf","3"
"Residentiel_BAR","BAR-TH-117","BAR-TH-117 vA14-1 : Robinet thermostatique PDF – 113.66 Ko","Residentiel_BAR/BAR-TH-117 vA14-1.pdf","https://www.ecologie.gouv.fr/sites/default/files/documents/BAR-TH-117%20vA14-1.pdf","3"
"Residentiel_BAR","BAR-TH-122","BAR-TH-122 vA15-1 : Récupérateur de chaleur à condensation PDF – 121.65 Ko","Residentiel_BAR/BAR-TH-122 vA15-1.pdf","https://www.ecologie.gouv.fr/sites/default/files/documents/BAR-TH-122%20vA15-1.pdf","3"
"Residentiel_BAR","BAR-TH-123","BAR-TH-123 vA54-2 à compter du 01-01-2024 : Optimiseur de relance en chauffage collectif PDF – 113.1 Ko","Residentiel_BAR/BAR-TH-123 vA54-2 à compter du 01-01-2024_1.pdf","https://www.ecologie.gouv.fr/sites/default/files/documents/BAR-TH-123%20vA54-2%20%C3%A0%20compter%20du%2001-01-2024_1.pdf","3"
"Residentiel_BAR","BAR-TH-124","BAR-TH-124 vA78-4 à compter du 01-01-2026 : Chauffe-eau solaire individuel (France d'outre mer) PDF – 133.47 Ko","Residentiel_BAR/BAR-TH-124 vA78-4 à compter du 01-01-2026.pdf","https://www.ecologie.gouv.fr/sites/default/files/documents/BAR-TH-124%20vA78-4%20%C3%A0%20compter%20du%2001-01-2026.pdf","3"
"Residentiel_BAR","BAR-TH-125","BAR-TH-125 vA54-5 à compter du 01-01-2024 : Système de ventilation double flux autoréglable ou modulé à haute performance (France métropolitaine) PDF – 146.04 Ko","Residentiel_BAR/BAR-TH-125 vA54-5 à compter du 01-01-2024_1.pdf","https://www.ecologie.gouv.fr/sites/default/files/documents/BAR-TH-125%20vA54-5%20%C3%A0%20compter%20du%2001-01-2024_1.pdf","3"
"Residentiel_BAR","BAR-TH-127","BAR-TH-127 vA58-6 à compter du 01-01-2024 : Ventilation mécanique simple flux hygroréglable (France métropolitaine) PDF – 148.34 Ko","Residentiel_BAR/BAR-TH-127 vA58-6 à compter du 01-01-2024.pdf","https://www.ecologie.gouv.fr/sites/default/files/documents/BAR-TH-127%20vA58-6%20%C3%A0%20compter%20du%2001-01-2024.pdf","3"
"Residentiel_BAR","BAR-TH-129","BAR-TH-129 vA27-3 à compter du 01-04-2018 : Pompe à chaleur de type air/air PDF – 128.69 Ko","Residentiel_BAR/BAR-TH-129 vA27-3 à compter du 01-04-2018.pdf","https://www.ecologie.gouv.fr/sites/default/files/documents/BAR-TH-129%20vA27-3%20%C3%A0%20compter%20du%2001-04-2018.pdf","3"
"Residentiel_BAR","BAR-TH-130","BAR-TH-130 vA58-3 à compter du 01-04-2024 : Surperformance énergétique pour un bâtiment neuf (France métropolitaine) PDF – 165.74 Ko","Residentiel_BAR/BAR-TH-130 vA58-3 à compter du 01-04-2024_0.pdf","https://www.ecologie.gouv.fr/sites/default/files/documents/BAR-TH-130%20vA58-3%20%C3%A0%20compter%20du%2001-04-2024_0.pdf","3"
"Residentiel_BAR","BAR-TH-135","BAR-TH-135 v A35-2 à compter du 01-10-2020 : Chauffe-eau solaire collectif (France d'outre mer) PDF – 145.85 Ko","Residentiel_BAR/BAR-TH-135 v A35-2 à compter du 01-10-2020_0.pdf","https://www.ecologie.gouv.fr/sites/default/files/documents/BAR-TH-135%20v%20A35-2%20%C3%A0%20compter%20du%2001-10-2020_0.pdf","3"
"Residentiel_BAR","BAR-TH-137","BAR-TH-137 vA79-4 à compter du 01-01-2026 : Raccordement d'un bâtiment résidentiel à un réseau de chaleur PDF – 120.85 Ko","Residentiel_BAR/BAR-TH-137 vA79-4 à compter du 01-01-2026_2.pdf","https://www.ecologie.gouv.fr/sites/default/files/documents/BAR-TH-137%20vA79-4%20%C3%A0%20compter%20du%2001-01-2026_2.pdf","5"
"Residentiel_BAR","BAR-TH-139","BAR-TH-139 v A23-2 après 01-02-2017 : Système de variation électronique de vitesse sur une pompe PDF – 139.24 Ko","Residentiel_BAR/BAR-TH-139 v A23-2 après 01-02-2017_0.pdf","https://www.ecologie.gouv.fr/sites/default/files/documents/BAR-TH-139%20v%20A23-2%20apr%C3%A8s%2001-02-2017_0.pdf","3"
"Residentiel_BAR","BAR-TH-141","BAR-TH-141 vA71-2 à compter du 01-08-2025 : Climatiseur performant (France d'outre-mer) PDF – 115.47 Ko","Residentiel_BAR/BAR-TH-141 vA71-2 à compter du 01-08-2025.pdf","https://www.ecologie.gouv.fr/sites/default/files/documents/BAR-TH-141%20vA71-2%20%C3%A0%20compter%20du%2001-08-2025.pdf","3"
"Residentiel_BAR","BAR-TH-143","BAR-TH-143 vA79-6 à compter du 01-01-2026 : Système solaire combiné (France métropolitaine) PDF – 126.74 Ko","Residentiel_BAR/BAR-TH-143 vA79-6 à compter du 01-01-2026_1.pdf","https://www.ecologie.gouv.fr/sites/default/files/documents/BAR-TH-143%20vA79-6%20%C3%A0%20compter%20du%2001-01-2026_1.pdf","3"
"Residentiel_BAR","BAR-TH-148","BAR-TH-148 vA78-4 à compter du 01-01-2026 : Chauffe-eau thermodynamique à accumulation PDF – 115.76 Ko","Residentiel_BAR/BAR-TH-148 vA78-4 à compter du 01-01-2026.pdf","https://www.ecologie.gouv.fr/sites/default/files/documents/BAR-TH-148%20vA78-4%20%C3%A0%20compter%20du%2001-01-2026.pdf","3"
"Residentiel_BAR","BAR-TH-155","BAR-TH-155 vA40-4 à compter du 01-04-2022 : Ventilation hybride hygroréglable (France métropolitaine) PDF – 131.38 Ko","Residentiel_BAR/BAR-TH-155 vA40-4 à compter du 01-04-2022_0.pdf","https://www.ecologie.gouv.fr/sites/default/files/documents/BAR-TH-155%20vA40-4%20%C3%A0%20compter%20du%2001-04-2022_0.pdf","3"
"Residentiel_BAR","BAR-TH-158","BAR-TH-158 vA73-3 à compter du 01-11-2025 : Émetteur électrique à régulation électronique à fonctions avancées PDF – 129.81 Ko","Residentiel_BAR/BAR-TH-158 vA73-3 à compter du 01-11-2025_0.pdf","https://www.ecologie.gouv.fr/sites/default/files/documents/BAR-TH-158%20vA73-3%20%C3%A0%20compter%20du%2001-11-2025_0.pdf","3"
"Residentiel_BAR","BAR-TH-159","BAR-TH-159 vA50-4 à compter du 01-04-2023 : Pompe à chaleur hybride individuelle PDF – 156.91 Ko","Residentiel_BAR/BAR-TH-159 vA50-4 à compter du 01-04-2023_0.pdf","https://www.ecologie.gouv.fr/sites/default/files/documents/BAR-TH-159%20vA50-4%20%C3%A0%20compter%20du%2001-04-2023_0.pdf","3"
"Residentiel_BAR","BAR-TH-161","BAR-TH-161 vA71-3 à compter du 01-08-2025 : Isolation de points singuliers d’un réseau PDF – 134.27 Ko","Residentiel_BAR/BAR-TH-161 vA71-3 à compter du 01-08-2025.pdf","https://www.ecologie.gouv.fr/sites/default/files/documents/BAR-TH-161%20vA71-3%20%C3%A0%20compter%20du%2001-08-2025.pdf","3"
"Residentiel_BAR","BAR-TH-162","BAR-TH-162 vA28-1 : Système énergétique comportant des capteurs solaires photovoltaïques et thermiques à circulation d’eau (France métropolitaine) PDF – 123.58 Ko","Residentiel_BAR/BAR-TH-162 vA28-1.pdf","https://www.ecologie.gouv.fr/sites/default/files/documents/BAR-TH-162%20vA28-1.pdf","3"
"Residentiel_BAR","BAR-TH-165","BAR-TH-165 vA34-1 : Chaudière biomasse collective PDF – 134.71 Ko","Residentiel_BAR/BAR-TH-165 vA34-1.pdf","https://www.ecologie.gouv.fr/sites/default/files/documents/BAR-TH-165%20vA34-1.pdf","3"
"Residentiel_BAR","BAR-TH-168","BAR-TH-168 vA78-3 à compter du 01-01-2026 : Dispositif solaire thermique (France métropolitaine) PDF – 160.76 Ko","Residentiel_BAR/BAR-TH-168 vA78-3 à compter du 01-01-2026.pdf","https://www.ecologie.gouv.fr/sites/default/files/documents/BAR-TH-168%20vA78-3%20%C3%A0%20compter%20du%2001-01-2026.pdf","3"
"Residentiel_BAR","BAR-TH-169","BAR-TH-169 vA65-2 à compter du 01-04-2025 : Pompe à chaleur collective de type air/eau ou eau/eau pour l’eau chaude sanitaire PDF – 131.8 Ko","Residentiel_BAR/BAR-TH-169 vA65-2 à compter du 01-04-2025_1.pdf","https://www.ecologie.gouv.fr/sites/default/files/documents/BAR-TH-169%20vA65-2%20%C3%A0%20compter%20du%2001-04-2025_1.pdf","3"
"Residentiel_BAR","BAR-TH-170","BAR-TH-170 vA54-1 à compter du 01-10-2023 : Récupération de chaleur fatale issue de serveurs informatiques pour l’eau chaude sanitaire collective PDF – 109.98 Ko","Residentiel_BAR/BAR-TH-170 vA54-1 à compter du 01-10-2023_1.pdf","https://www.ecologie.gouv.fr/sites/default/files/documents/BAR-TH-170%20vA54-1%20%C3%A0%20compter%20du%2001-10-2023_1.pdf","3"
"Residentiel_BAR","BAR-TH-171","BAR-TH-171 vA78-4 à compter du 01-01-2026 : Pompe à chaleur de type air/eau PDF – 133.79 Ko","Residentiel_BAR/BAR-TH-171 vA78-4 à compter du 01-01-2026.pdf","https://www.ecologie.gouv.fr/sites/default/files/documents/BAR-TH-171%20vA78-4%20%C3%A0%20compter%20du%2001-01-2026.pdf","3"
"Residentiel_BAR","BAR-TH-172","BAR-TH-172 vA78-4 à compter du 01-01-2026 : Pompe à chaleur de type eau/eau ou sol/eau PDF – 132.28 Ko","Residentiel_BAR/BAR-TH-172 vA78-4 à compter du 01-01-2026.pdf","https://www.ecologie.gouv.fr/sites/default/files/documents/BAR-TH-172%20vA78-4%20%C3%A0%20compter%20du%2001-01-2026.pdf","3"
"Residentiel_BAR","BAR-TH-173","BAR-TH-173 vA69-2 à compter du 01-07-2025 : Système de régulation par programmation horaire pièce par pièce PDF – 154.48 Ko","Residentiel_BAR/BAR-TH-173 vA69-2 à compter du 01-07-2025.pdf","https://www.ecologie.gouv.fr/sites/default/files/documents/BAR-TH-173%20vA69-2%20%C3%A0%20compter%20du%2001-07-2025.pdf","3"
"Residentiel_BAR","BAR-TH-174","BAR-TH-174 vA80-3 à compter du 17-01-2026 : Rénovation d’ampleur d’une maison individuelle (France métropolitaine) PDF – 204.43 Ko","Residentiel_BAR/BAR-TH-174 vA80-3 à compter du 17-01-2026_0.pdf","https://www.ecologie.gouv.fr/sites/default/files/documents/BAR-TH-174%20vA80-3%20%C3%A0%20compter%20du%2017-01-2026_0.pdf","3"
"Residentiel_BAR","BAR-TH-175","BAR-TH-175 vA80-3 à compter du 17-01-2026 : Rénovation d’ampleur d’un appartement (France métropolitaine) PDF – 197.32 Ko","Residentiel_BAR/BAR-TH-175 vA80-3 à compter du 17-01-2026_0.pdf","https://www.ecologie.gouv.fr/sites/default/files/documents/BAR-TH-175%20vA80-3%20%C3%A0%20compter%20du%2017-01-2026_0.pdf","3"
"Residentiel_BAR","BAR-TH-176","BAR-TH-176 vA58-1 à compter du 29-12-2023 : Système de régulation de la consommation d’un chauffe-eau électrique à effet Joule PDF – 170.76 Ko","Residentiel_BAR/BAR-TH-176 vA58-1 à compter du 29-12-2023_0.pdf","https://www.ecologie.gouv.fr/sites/default/files/documents/BAR-TH-176%20vA58-1%20%C3%A0%20compter%20du%2029-12-2023_0.pdf","3"
"Residentiel_BAR","BAR-TH-177","BAR-TH-177 vA80-2 à compter du 17-01-2026 : Rénovation globale d’un bâtiment résidentiel collectif (France métropolitaine) PDF – 185.37 Ko","Residentiel_BAR/BAR-TH-177 vA80-2 à compter du 17-01-2026_0.pdf","https://www.ecologie.gouv.fr/sites/default/files/documents/BAR-TH-177%20vA80-2%20%C3%A0%20compter%20du%2017-01-2026_0.pdf","3"
"Residentiel_BAR","BAR-TH-178","BAR-TH-178 vA81-2 à compter du 30-04-2026 : Système géothermique PDF – 170.16 Ko","Residentiel_BAR/BAR-TH-178 vA81-2 à compter du 30-04-2026.pdf","https://www.ecologie.gouv.fr/sites/default/files/documents/BAR-TH-178%20vA81-2%20%C3%A0%20compter%20du%2030-04-2026.pdf","3"
"Residentiel_BAR","BAR-TH-179","BAR-TH-179 vA81-2 à compter du 30-04-2026 : Pompe à chaleur collective de type air/eau PDF – 140.74 Ko","Residentiel_BAR/BAR-TH-179 vA81-2 à compter du 30-04-2026.pdf","https://www.ecologie.gouv.fr/sites/default/files/documents/BAR-TH-179%20vA81-2%20%C3%A0%20compter%20du%2030-04-2026.pdf","3"
"Residentiel_BAR","BAR-TH-180","BAR-TH-180 vA81-2 à compter du 30-04-2026 : Pompe à chaleur collective de type eau/eau ou eau glycolée/eau PDF – 145.2 Ko","Residentiel_BAR/BAR-TH-180 vA81-2 à compter du 30-04-2026.pdf","https://www.ecologie.gouv.fr/sites/default/files/documents/BAR-TH-180%20vA81-2%20%C3%A0%20compter%20du%2030-04-2026.pdf","3"
"Tertiaire_BAT","BAT-EN-101","BAT-EN-101 vA64-4 à compter du 01-01-2025 : Isolation de combles ou de toitures PDF – 125.45 Ko","Tertiaire_BAT/BAT-EN-101 vA64-4 à compter du 01-01-2025_2.pdf","https://www.ecologie.gouv.fr/sites/default/files/documents/BAT-EN-101%20vA64-4%20%C3%A0%20compter%20du%2001-01-2025_2.pdf","3"
"Tertiaire_BAT","BAT-EN-102","BAT-EN-102 vA64-3 à compter du 01-01-2025 : Isolation des murs PDF – 124 Ko","Tertiaire_BAT/BAT-EN-102 vA64-3 à compter du 01-01-2025_2.pdf","https://www.ecologie.gouv.fr/sites/default/files/documents/BAT-EN-102%20vA64-3%20%C3%A0%20compter%20du%2001-01-2025_2.pdf","3"
"Tertiaire_BAT","BAT-EN-103","BAT-EN-103 vA64-4 à compter du 01-01-2025 : Isolation d’un plancher PDF – 125.58 Ko","Tertiaire_BAT/BAT-EN-103 vA64-4 à compter du 01-01-2025_2.pdf","https://www.ecologie.gouv.fr/sites/default/files/documents/BAT-EN-103%20vA64-4%20%C3%A0%20compter%20du%2001-01-2025_2.pdf","3"
"Tertiaire_BAT","BAT-EN-104","BAT-EN-104 vA54-3 à compter du 01-01-2024 : Fenêtre ou porte-fenêtre complète avec vitrage isolant PDF – 128.16 Ko","Tertiaire_BAT/BAT-EN-104 vA54-3 à compter du 01-01-2024_2.pdf","https://www.ecologie.gouv.fr/sites/default/files/documents/BAT-EN-104%20vA54-3%20%C3%A0%20compter%20du%2001-01-2024_2.pdf","3"
"Tertiaire_BAT","BAT-EN-106","BAT-EN-106 vA64-3 à compter du 01-01-2025 : Isolation de combles ou de toitures (France d’outre-mer) PDF – 124.38 Ko","Tertiaire_BAT/BAT-EN-106 vA64-3 à compter du 01-01-2025_1.pdf","https://www.ecologie.gouv.fr/sites/default/files/documents/BAT-EN-106%20vA64-3%20%C3%A0%20compter%20du%2001-01-2025_1.pdf","3"
"Tertiaire_BAT","BAT-EN-107","BAT-EN-107 vA64-3 à compter du 01-01-2025 : Isolation des toitures terrasses PDF – 124.12 Ko","Tertiaire_BAT/BAT-EN-107 vA64-3 à compter du 01-01-2025_1.pdf","https://www.ecologie.gouv.fr/sites/default/files/documents/BAT-EN-107%20vA64-3%20%C3%A0%20compter%20du%2001-01-2025_1.pdf","3"
"Tertiaire_BAT","BAT-EN-108","BAT-EN-108 vA19-1 : Isolation des murs (France d’outre-mer) PDF – 114.19 Ko","Tertiaire_BAT/BAT-EN-108 vA19-1.pdf","https://www.ecologie.gouv.fr/sites/default/files/documents/BAT-EN-108%20vA19-1.pdf","3"
"Tertiaire_BAT","BAT-EN-109","BAT-EN-109 vA24-1 : Réduction des apports solaires par la toiture (France d'outre mer) PDF – 134.35 Ko","Tertiaire_BAT/BAT-EN-109 vA24-1.pdf","https://www.ecologie.gouv.fr/sites/default/files/documents/BAT-EN-109%20vA24-1.pdf","3"
"Tertiaire_BAT","BAT-EN-110","BAT-EN-110 vA25-1 : Protections des baies contre le rayonnement solaire (France d’outre-mer) PDF – 131.46 Ko","Tertiaire_BAT/BAT-EN-110 vA25-1.pdf","https://www.ecologie.gouv.fr/sites/default/files/documents/BAT-EN-110%20vA25-1.pdf","3"
"Tertiaire_BAT","BAT-EN-111","BAT-EN-111 vA38-1 à compter du 31-07-2021 : Fenêtre ou porte-fenêtre complète avec vitrage pariétodynamique (France métropolitaine) PDF – 136.78 Ko","Tertiaire_BAT/BAT-EN-111 vA38-1 à compter du 31-07-2021.pdf","https://www.ecologie.gouv.fr/sites/default/files/documents/BAT-EN-111%20vA38-1%20%C3%A0%20compter%20du%2031-07-2021.pdf","3"
"Tertiaire_BAT","BAT-EN-112","BAT-EN-112 vA38-1 à compter du 31-07-2021 : Revêtements réflectifs en toiture PDF – 125.28 Ko","Tertiaire_BAT/BAT-EN-112 vA38-1 à compter du 31-07-2021.pdf","https://www.ecologie.gouv.fr/sites/default/files/documents/BAT-EN-112%20vA38-1%20%C3%A0%20compter%20du%2031-07-2021.pdf","3"
"Tertiaire_BAT","BAT-EN-113","BAT-EN-113 vA54-1 à compter du 01-10-2023 : Façade rideau ou semi-rideau avec vitrage isolant PDF – 126.21 Ko","Tertiaire_BAT/BAT-EN-113 vA54-1 à compter du 01-10-2023_1.pdf","https://www.ecologie.gouv.fr/sites/default/files/documents/BAT-EN-113%20vA54-1%20%C3%A0%20compter%20du%2001-10-2023_1.pdf","3"
"Tertiaire_BAT","BAT-EQ-117","BAT-EQ-117 vA40-2 à compter du 01-04-2022 : Installation frigorifique utilisant du CO2 subcritique ou transcritique PDF – 164.25 Ko","Tertiaire_BAT/BAT-EQ-117 vA40-2 à compter du 01-04-2022_1.pdf","https://www.ecologie.gouv.fr/sites/default/files/documents/BAT-EQ-117%20vA40-2%20%C3%A0%20compter%20du%2001-04-2022_1.pdf","3"
"Tertiaire_BAT","BAT-EQ-123","BAT-EQ-123 vA25-2 après le 01-04-2017 : Moto-variateur synchrone à aimants permanents ou à reluctance PDF – 127.08 Ko","Tertiaire_BAT/BAT-EQ-123 vA25-2 après le 01-04-2017.pdf","https://www.ecologie.gouv.fr/sites/default/files/documents/BAT-EQ-123%20vA25-2%20apr%C3%A8s%20le%2001-04-2017.pdf","3"
"Tertiaire_BAT","BAT-EQ-124","BAT-EQ-124 vA15-1 : Fermeture des meubles frigorifiques de vente à température positive PDF – 110.39 Ko","Tertiaire_BAT/BAT-EQ-124 vA15-1.pdf","https://www.ecologie.gouv.fr/sites/default/files/documents/BAT-EQ-124%20vA15-1.pdf","3"
"Tertiaire_BAT","BAT-EQ-125","BAT-EQ-125 vA22-1 : Fermeture des meubles frigorifiques de vente à température négative PDF – 152.8 Ko","Tertiaire_BAT/BAT-EQ-125 vA22-1.pdf","https://www.ecologie.gouv.fr/sites/default/files/documents/BAT-EQ-125%20vA22-1.pdf","3"
"Tertiaire_BAT","BAT-EQ-129","BAT-EQ-129 vA26-1 : Lanterneaux d’éclairage zénithal (France Métropolitaine) PDF – 158.37 Ko","Tertiaire_BAT/BAT-EQ-129 vA26-1.pdf","https://www.ecologie.gouv.fr/sites/default/files/documents/BAT-EQ-129%20vA26-1.pdf","3"
"Tertiaire_BAT","BAT-EQ-130","BAT-EQ-130 vA22-1 : Système de condensation frigorifique à haute efficacité PDF – 163.94 Ko","Tertiaire_BAT/BAT-EQ-130 vA22-1.pdf","https://www.ecologie.gouv.fr/sites/default/files/documents/BAT-EQ-130%20vA22-1.pdf","3"
"Tertiaire_BAT","BAT-EQ-131","BAT-EQ-131 vA15-1 : Conduits de lumière naturelle PDF – 113.94 Ko","Tertiaire_BAT/BAT-EQ-131 vA15-1.pdf","https://www.ecologie.gouv.fr/sites/default/files/documents/BAT-EQ-131%20vA15-1.pdf","3"
"Tertiaire_BAT","BAT-EQ-134","BAT-EQ-134 vA58-2 à compter du 01-04-2024 : Meuble frigorifique de vente performant avec groupe de production de froid intégré PDF – 138.56 Ko","Tertiaire_BAT/BAT-EQ-134 vA58-2 à compter du 01-04-2024_1.pdf","https://www.ecologie.gouv.fr/sites/default/files/documents/BAT-EQ-134%20vA58-2%20%C3%A0%20compter%20du%2001-04-2024_1.pdf","3"
"Tertiaire_BAT","BAT-EQ-135","BAT-EQ-135 vA65-2 à compter du 01-04-2025 : Dispositif performant d’alimentation sans interruption PDF – 125.81 Ko","Tertiaire_BAT/BAT-EQ-135 vA65-2 à compter du 01-04-2025_1.pdf","https://www.ecologie.gouv.fr/sites/default/files/documents/BAT-EQ-135%20vA65-2%20%C3%A0%20compter%20du%2001-04-2025_1.pdf","3"
"Tertiaire_BAT","BAT-SE-103","BAT-SE-103 vA19-1 : Réglage des organes d’équilibrage d’une installation de chauffage à eau chaude PDF – 108.35 Ko","Tertiaire_BAT/BAT-SE-103 vA19-1.pdf","https://www.ecologie.gouv.fr/sites/default/files/documents/BAT-SE-103%20vA19-1.pdf","3"
"Tertiaire_BAT","BAT-SE-104","BAT-SE-104 vA31-1 : Contrat de performance énergétique Services (CPE Services) Chauffage PDF – 202.33 Ko","Tertiaire_BAT/BAT-SE-104 vA31-1.pdf","https://www.ecologie.gouv.fr/sites/default/files/documents/BAT-SE-104%20vA31-1.pdf","3"
"Tertiaire_BAT","BAT-SE-105","BAT-SE-105 vA32-1 : Abaissement de la température de retour vers un réseau de chaleur PDF – 119.72 Ko","Tertiaire_BAT/BAT-SE-105 vA32-1.pdf","https://www.ecologie.gouv.fr/sites/default/files/documents/BAT-SE-105%20vA32-1.pdf","3"
"Tertiaire_BAT","BAT-TH-103","BAT-TH-103 v A31-2 à compter du 01-10-2019 : Plancher chauffant hydraulique à basse température PDF – 116.34 Ko","Tertiaire_BAT/BAT-TH-103 v A31-2 à compter du 01-10-2019_0.pdf","https://www.ecologie.gouv.fr/sites/default/files/documents/BAT-TH-103%20v%20A31-2%20%C3%A0%20compter%20du%2001-10-2019_0.pdf","3"
"Tertiaire_BAT","BAT-TH-105","BAT-TH-105 v A32-2 à compter du 01-04-2020 PDF – 118 Ko","Tertiaire_BAT/BAT-TH-105 v A32-2 à compter du 01-04-2020_0.pdf","https://www.ecologie.gouv.fr/sites/default/files/documents/BAT-TH-105%20v%20A32-2%20%C3%A0%20compter%20du%2001-04-2020_0.pdf","3"
"Tertiaire_BAT","BAT-TH-108","BAT-TH-108 v A22-1 : Système de régulation par programmation d’intermittence PDF – 133.01 Ko","Tertiaire_BAT/BAT-TH-108 v A22-1.pdf","https://www.ecologie.gouv.fr/sites/default/files/documents/BAT-TH-108%20v%20A22-1.pdf","3"
"Tertiaire_BAT","BAT-TH-109","BAT-TH-109 vA54-3 à compter du 01-01-2024 : Optimiseur de relance en chauffage collectif comprenant une fonction auto-adaptative PDF – 124.33 Ko","Tertiaire_BAT/BAT-TH-109 vA54-3 à compter du 01-01-2024_2.pdf","https://www.ecologie.gouv.fr/sites/default/files/documents/BAT-TH-109%20vA54-3%20%C3%A0%20compter%20du%2001-01-2024_2.pdf","3"
"Tertiaire_BAT","BAT-TH-110","BAT-TH-110 vA15-1 : Récupérateur de chaleur à condensation PDF – 130.44 Ko","Tertiaire_BAT/BAT-TH-110 vA15-1.pdf","https://www.ecologie.gouv.fr/sites/default/files/documents/BAT-TH-110%20vA15-1.pdf","3"
"Tertiaire_BAT","BAT-TH-111","BAT-TH-111 vA17-1 : Chauffe-eau solaire collectif (France métropolitaine) PDF – 115.06 Ko","Tertiaire_BAT/BAT-TH-111 vA17-1.pdf","https://www.ecologie.gouv.fr/sites/default/files/documents/BAT-TH-111%20vA17-1.pdf","3"
"Tertiaire_BAT","BAT-TH-112","BAT-TH-112 vA22-2 : Système de variation électronique de vitesse sur un moteur asynchrone PDF – 129.48 Ko","Tertiaire_BAT/BAT-TH-112 vA22-2.pdf","https://www.ecologie.gouv.fr/sites/default/files/documents/BAT-TH-112%20vA22-2.pdf","3"
"Tertiaire_BAT","BAT-TH-115","BAT-TH-115 vA15-2 : Climatiseur performant (France d'outre mer) PDF – 121.23 Ko","Tertiaire_BAT/BAT-TH-115 vA15-2.pdf","https://www.ecologie.gouv.fr/sites/default/files/documents/BAT-TH-115%20vA15-2.pdf","3"
"Tertiaire_BAT","BAT-TH-116","BAT-TH-116 vA62-6 à compter du 01-01-2025 : Système de gestion technique du bâtiment pour le chauffage, l’eau chaude sanitaire, le refroidissement / climatisation, l’éclairage et les auxiliaires PDF – 166.13 Ko","Tertiaire_BAT/BAT-TH-116 vA62-6 à compter du 01-01-2025_1.pdf","https://www.ecologie.gouv.fr/sites/default/files/documents/BAT-TH-116%20vA62-6%20%C3%A0%20compter%20du%2001-01-2025_1.pdf","3"
"Tertiaire_BAT","BAT-TH-121","BAT-TH-121 vA35-3 à compter du 01-10-2020 : Chauffe-eau solaire (France d'outre mer) PDF – 174.3 Ko","Tertiaire_BAT/BAT-TH-121 vA35-3 à compter du 01-10-2020.pdf","https://www.ecologie.gouv.fr/sites/default/files/documents/BAT-TH-121%20vA35-3%20%C3%A0%20compter%20du%2001-10-2020.pdf","3"
"Tertiaire_BAT","BAT-TH-122","BAT-TH-122 vA22-1 : Programmateur d’intermittence pour la climatisation (France d’outre-mer) PDF – 120.61 Ko","Tertiaire_BAT/BAT-TH-122 vA22-1.pdf","https://www.ecologie.gouv.fr/sites/default/files/documents/BAT-TH-122%20vA22-1.pdf","3"
"Tertiaire_BAT","BAT-TH-125","BAT-TH-125 v A32-2 à compter du 01-04-2020 : Ventilation mécanique simple flux à débit d’air constant ou modulé PDF – 146.09 Ko","Tertiaire_BAT/BAT-TH-125 v A32-2 à compter du 01-04-2020_0.pdf","https://www.ecologie.gouv.fr/sites/default/files/documents/BAT-TH-125%20v%20A32-2%20%C3%A0%20compter%20du%2001-04-2020_0.pdf","3"
"Tertiaire_BAT","BAT-TH-126","BAT-TH-126 v A32-2 à compter du 01-04-2020 : Ventilation mécanique double flux avec échangeur à débit d’air constant ou modulé PDF – 157.38 Ko","Tertiaire_BAT/BAT-TH-126 v A32-2 à compter du 01-04-2020_0.pdf","https://www.ecologie.gouv.fr/sites/default/files/documents/BAT-TH-126%20v%20A32-2%20%C3%A0%20compter%20du%2001-04-2020_0.pdf","3"
"Tertiaire_BAT","BAT-TH-127","BAT-TH-127 vA79-5 à compter du 01-01-2026 : Raccordement d'un bâtiment tertiaire à un réseau de chaleur PDF – 131.77 Ko","Tertiaire_BAT/BAT-TH-127 vA79-5 à compter du 01-01-2026_1.pdf","https://www.ecologie.gouv.fr/sites/default/files/documents/BAT-TH-127%20vA79-5%20%C3%A0%20compter%20du%2001-01-2026_1.pdf","5"
"Tertiaire_BAT","BAT-TH-134","BAT-TH-134 vA22-1 : Système de régulation sur un groupe de production de froid permettant d’avoir une haute pression flottante (France métropolitaine) PDF – 157.16 Ko","Tertiaire_BAT/BAT-TH-134 vA22-1.pdf","https://www.ecologie.gouv.fr/sites/default/files/documents/BAT-TH-134%20vA22-1.pdf","3"
"Tertiaire_BAT","BAT-TH-135","BAT-TH-135 vA26-1 : Système de régulation sur un groupe de production de froid permettant d’avoir une haute pression flottante (France d’outre-mer) PDF – 146.88 Ko","Tertiaire_BAT/BAT-TH-135 vA26-1.pdf","https://www.ecologie.gouv.fr/sites/default/files/documents/BAT-TH-135%20vA26-1.pdf","3"
"Tertiaire_BAT","BAT-TH-139","BAT-TH-139 vA35-3 à compter du 01-10-2020 : Système de récupération de chaleur sur un groupe de production de froid PDF – 163.19 Ko","Tertiaire_BAT/BAT-TH-139 vA35-3 à compter du 01-10-2020.pdf","https://www.ecologie.gouv.fr/sites/default/files/documents/BAT-TH-139%20vA35-3%20%C3%A0%20compter%20du%2001-10-2020.pdf","3"
"Tertiaire_BAT","BAT-TH-142","BAT-TH-142 vA71-4 à compter du 01-08-2025 : Système de déstratification d’air PDF – 131.74 Ko","Tertiaire_BAT/BAT-TH-142 vA71-4 à compter du 01-08-2025.pdf","https://www.ecologie.gouv.fr/sites/default/files/documents/BAT-TH-142%20vA71-4%20%C3%A0%20compter%20du%2001-08-2025.pdf","3"
"Tertiaire_BAT","BAT-TH-143","BAT-TH-143 vA16-1 : Ventilo-convecteurs haute performance PDF – 124.81 Ko","Tertiaire_BAT/BAT-TH-143 vA16-1.pdf","https://www.ecologie.gouv.fr/sites/default/files/documents/BAT-TH-143%20vA16-1.pdf","3"
"Tertiaire_BAT","BAT-TH-145","BAT-TH-145 vA23-1 : Système de régulation sur un groupe de production de froid permettant d’avoir une basse pression flottante (France métropolitaine) PDF – 110.14 Ko","Tertiaire_BAT/BAT-TH-145 vA23-1.pdf","https://www.ecologie.gouv.fr/sites/default/files/documents/BAT-TH-145%20vA23-1.pdf","3"
"Tertiaire_BAT","BAT-TH-153","BAT-TH-153 vA28-1 : Système de confinement des allées froides et allées chaudes dans un Data Center PDF – 122.78 Ko","Tertiaire_BAT/BAT-TH-153 vA28-1.pdf","https://www.ecologie.gouv.fr/sites/default/files/documents/BAT-TH-153%20vA28-1.pdf","3"
"Tertiaire_BAT","BAT-TH-154","BAT-TH-154 vA28-1 : Récupération instantanée de chaleur sur eaux grises PDF – 166.73 Ko","Tertiaire_BAT/BAT-TH-154 vA28-1.pdf","https://www.ecologie.gouv.fr/sites/default/files/documents/BAT-TH-154%20vA28-1.pdf","3"
"Tertiaire_BAT","BAT-TH-156","BAT-TH-156 vA31-1 : Freecooling par eau de refroidissement en substitution d'un groupe froid pour la climatisation PDF – 124.01 Ko","Tertiaire_BAT/BAT-TH-156 vA31-1.pdf","https://www.ecologie.gouv.fr/sites/default/files/documents/BAT-TH-156%20vA31-1.pdf","3"
"Tertiaire_BAT","BAT-TH-157","BAT-TH-157 vA50-2 à compter du 01-04-2023 : Chaudière biomasse collective PDF – 134.77 Ko","Tertiaire_BAT/BAT-TH-157 vA50-2 à compter du 01-04-2023_1.pdf","https://www.ecologie.gouv.fr/sites/default/files/documents/BAT-TH-157%20vA50-2%20%C3%A0%20compter%20du%2001-04-2023_1.pdf","3"
"Tertiaire_BAT","BAT-TH-158","BAT-TH-158 vA62-3 à compter du 01-01-2025 : Pompe à chaleur réversible de type air/air PDF – 168.42 Ko","Tertiaire_BAT/BAT-TH-158 vA62-3 à compter du 01-01-2025_1.pdf","https://www.ecologie.gouv.fr/sites/default/files/documents/BAT-TH-158%20vA62-3%20%C3%A0%20compter%20du%2001-01-2025_1.pdf","3"
"Tertiaire_BAT","BAT-TH-159","BAT-TH-159 vA40-1 à compter du 29-12-2021 : Raccordement d’un bâtiment tertiaire à un réseau de froid PDF – 127.36 Ko","Tertiaire_BAT/BAT-TH-159 vA40-1 à compter du 29-12-2021_1.pdf","https://www.ecologie.gouv.fr/sites/default/files/documents/BAT-TH-159%20vA40-1%20%C3%A0%20compter%20du%2029-12-2021_1.pdf","3"
"Tertiaire_BAT","BAT-TH-161","BAT-TH-161 vA62-1 à compter du 31-08-2024 : Maintien en température des groupes électrogènes de secours par pompe à chaleur de type air/eau PDF – 159.29 Ko","Tertiaire_BAT/BAT-TH-161 vA62-1 à compter du 31-08-2024_1.pdf","https://www.ecologie.gouv.fr/sites/default/files/documents/BAT-TH-161%20vA62-1%20%C3%A0%20compter%20du%2031-08-2024_1.pdf","3"
"Tertiaire_BAT","BAT-TH-162","BAT-TH-162 vA81-2 à compter du 30-04-2026 : Système géothermique PDF – 221.85 Ko","Tertiaire_BAT/BAT-TH-162 vA81-2 à compter du 30-04-2026.pdf","https://www.ecologie.gouv.fr/sites/default/files/documents/BAT-TH-162%20vA81-2%20%C3%A0%20compter%20du%2030-04-2026.pdf","3"
"Tertiaire_BAT","BAT-TH-163","BAT-TH-163 vA81-2 à compter du 30-04-2026 : Pompe à chaleur collective de type air/eau PDF – 141.35 Ko","Tertiaire_BAT/BAT-TH-163 vA81-2 à compter du 30-04-2026.pdf","https://www.ecologie.gouv.fr/sites/default/files/documents/BAT-TH-163%20vA81-2%20%C3%A0%20compter%20du%2030-04-2026.pdf","3"
"Tertiaire_BAT","BAT-TH-164","BAT-TH-164 vA81-2 à compter du 30-04-2026 : Pompe à chaleur collective de type eau/eau ou eau glycolée/eau PDF – 146.35 Ko","Tertiaire_BAT/BAT-TH-164 vA81-2 à compter du 30-04-2026.pdf","https://www.ecologie.gouv.fr/sites/default/files/documents/BAT-TH-164%20vA81-2%20%C3%A0%20compter%20du%2030-04-2026.pdf","3"
"Transport_TRA","TRA-EQ-101","TRA-EQ-101 vA14-1 : Unité de transport intermodal pour le transport combiné rail-route PDF – 112.35 Ko","Transport_TRA/TRA-EQ-101 vA14-1_0.pdf","https://www.ecologie.gouv.fr/sites/default/files/documents/TRA-EQ-101%20vA14-1_0.pdf","5"
"Transport_TRA","TRA-EQ-103","TRA-EQ-103 vA14-1 : Télématique embarquée pour le suivi de la conduite d’un véhicule PDF – 145.08 Ko","Transport_TRA/TRA-EQ-103 vA14-1_0.pdf","https://www.ecologie.gouv.fr/sites/default/files/documents/TRA-EQ-103%20vA14-1_0.pdf","5"
"Transport_TRA","TRA-EQ-104","TRA-EQ-104 vA14-1 : Lubrifiant économiseur d’énergie pour véhicules légers PDF – 121.24 Ko","Transport_TRA/TRA-EQ-104 vA14-1_0.pdf","https://www.ecologie.gouv.fr/sites/default/files/documents/TRA-EQ-104%20vA14-1_0.pdf","5"
"Transport_TRA","TRA-EQ-106","TRA-EQ-106 vA14-1 : Pneus de véhicules légers à basse résistance au roulement PDF – 116.39 Ko","Transport_TRA/TRA-EQ-106 vA14-1_0.pdf","https://www.ecologie.gouv.fr/sites/default/files/documents/TRA-EQ-106%20vA14-1_0.pdf","5"
"Transport_TRA","TRA-EQ-107","TRA-EQ-107 vA17-1 : Unité de transport intermodal pour le transport combiné fluvial-route PDF – 110.47 Ko","Transport_TRA/TRA-EQ-107 vA17-1_0.pdf","https://www.ecologie.gouv.fr/sites/default/files/documents/TRA-EQ-107%20vA17-1_0.pdf","5"
"Transport_TRA","TRA-EQ-108","TRA-EQ-108 vA37-6 à compter du 01-04-2020 : Wagon d'autoroute ferroviaire PDF – 114.72 Ko","Transport_TRA/TRA-EQ-108 vA37-6 à compter du 01-04-2020_0.pdf","https://www.ecologie.gouv.fr/sites/default/files/documents/TRA-EQ-108%20vA37-6%20%C3%A0%20compter%20du%2001-04-2020_0.pdf","5"
"Transport_TRA","TRA-EQ-109","TRA-EQ-109 vA17-1 : Barge fluviale PDF – 108.26 Ko","Transport_TRA/TRA-EQ-109 vA17-1.pdf","https://www.ecologie.gouv.fr/sites/default/files/documents/TRA-EQ-109%20vA17-1.pdf","4"
"Transport_TRA","TRA-EQ-110","TRA-EQ-110 vA19-1 : Automoteur fluvial PDF – 127.94 Ko","Transport_TRA/TRA-EQ-110 vA19-1.pdf","https://www.ecologie.gouv.fr/sites/default/files/documents/TRA-EQ-110%20vA19-1.pdf","5"
"Transport_TRA","TRA-EQ-111","TRA-EQ-111 vA24-1 : Groupes frigorifiques autonomes à haute efficacité énergétique pour camions, semi remorques, remorques et caisses mobiles frigorifiques PDF – 107.86 Ko","Transport_TRA/TRA-EQ-111 vA24-1.pdf","https://www.ecologie.gouv.fr/sites/default/files/documents/TRA-EQ-111%20vA24-1.pdf","5"
"Transport_TRA","TRA-EQ-113","TRA-EQ-113 vA14-1 : Lubrifiant économiseur d’énergie pour des véhicules de transport de personnes ou de marchandises PDF – 115.29 Ko","Transport_TRA/TRA-EQ-113 vA14-1.pdf","https://www.ecologie.gouv.fr/sites/default/files/documents/TRA-EQ-113%20vA14-1.pdf","5"
"Transport_TRA","TRA-EQ-114","TRA-EQ-114 vA76-4 à compter du 01-10-2025 : Achat ou location d’un véhicule léger électrique neuf ou opération de rétrofit électrique d’un véhicule léger, par une collectivité locale ou une autre personne morale PDF – 121.11 Ko","Transport_TRA/TRA-EQ-114 vA76-4 à compter du 01-10-2025.pdf","https://www.ecologie.gouv.fr/sites/default/files/documents/TRA-EQ-114%20vA76-4%20%C3%A0%20compter%20du%2001-10-2025.pdf","6"
"Transport_TRA","TRA-EQ-115","TRA-EQ-115 vA14-1 : Véhicules de transport de marchandises optimisé PDF – 111.62 Ko","Transport_TRA/TRA-EQ-115 vA14-1.pdf","https://www.ecologie.gouv.fr/sites/default/files/documents/TRA-EQ-115%20vA14-1.pdf","5"
"Transport_TRA","TRA-EQ-117","TRA-EQ-117 vA76-5 à compter du 01-10-2025 : Achat ou location d’un véhicule léger électrique neuf ou opération de rétrofit électrique d’un véhicule léger par des personnes physiques PDF – 108.6 Ko","Transport_TRA/TRA-EQ-117 vA76-5 à compter du 01-10-2025.pdf","https://www.ecologie.gouv.fr/sites/default/files/documents/TRA-EQ-117%20vA76-5%20%C3%A0%20compter%20du%2001-10-2025.pdf","5"
"Transport_TRA","TRA-EQ-118","TRA-EQ-118 vA15-1 : Lubrifiant économiseur d’énergie pour la pêche professionnelle PDF – 137.81 Ko","Transport_TRA/TRA-EQ-118 vA15-1.pdf","https://www.ecologie.gouv.fr/sites/default/files/documents/TRA-EQ-118%20vA15-1.pdf","5"
"Transport_TRA","TRA-EQ-119","TRA-EQ-119 vA17-2 : Optimisation de la combustion et de la propreté des moteurs Diesel PDF – 117.4 Ko","Transport_TRA/TRA-EQ-119 vA17-2.pdf","https://www.ecologie.gouv.fr/sites/default/files/documents/TRA-EQ-119%20vA17-2.pdf","5"
"Transport_TRA","TRA-EQ-120","TRA-EQ-120 vA27-1 : Hélice avec tuyère sur une unité de transport fluvial PDF – 129.19 Ko","Transport_TRA/TRA-EQ-120 vA27-1_0.pdf","https://www.ecologie.gouv.fr/sites/default/files/documents/TRA-EQ-120%20vA27-1_0.pdf","5"
"Transport_TRA","TRA-EQ-121","TRA-EQ-121 vA54-2 à compter du 01-01-2024 : Vélo à assistance électrique PDF – 138.48 Ko","Transport_TRA/TRA-EQ-121 vA54-2 à compter du 01-01-2024_0.pdf","https://www.ecologie.gouv.fr/sites/default/files/documents/TRA-EQ-121%20vA54-2%20%C3%A0%20compter%20du%2001-01-2024_0.pdf","5"
"Transport_TRA","TRA-EQ-122","TRA-EQ-122 vA32-1 à compter du 31-01-2020 : « Stop & Start » pour engins automoteurs non routiers neufs PDF – 105.68 Ko","Transport_TRA/TRA-EQ-122 vA32-1 à compter du 31-01-2020.pdf","https://www.ecologie.gouv.fr/sites/default/files/documents/TRA-EQ-122%20vA32-1%20%C3%A0%20compter%20du%2031-01-2020.pdf","5"
"Transport_TRA","TRA-EQ-123","TRA-EQ-123 v A38-2 à compter du 01-11-2021 : Simulateur de conduite PDF – 109.27 Ko","Transport_TRA/TRA-EQ-123 v A38-2 à compter du 01-11-2021_0.pdf","https://www.ecologie.gouv.fr/sites/default/files/documents/TRA-EQ-123%20v%20A38-2%20%C3%A0%20compter%20du%2001-11-2021_0.pdf","3"
"Transport_TRA","TRA-EQ-124","TRA-EQ-124 vA35-1 à compter du 03-08-2020 : Branchement électrique des navires et bateaux à quai PDF – 103.53 Ko","Transport_TRA/TRA-EQ-124 vA35-1 à compter du 03-08-2020.pdf","https://www.ecologie.gouv.fr/sites/default/files/documents/TRA-EQ-124%20vA35-1%20%C3%A0%20compter%20du%2003-08-2020.pdf","5"
"Transport_TRA","TRA-EQ-125","TRA-EQ-125 vA40-2 à compter du 01-04-2022 : « Stop & Start » pour véhicules ferroviaires PDF – 106.21 Ko","Transport_TRA/TRA-EQ-125 vA40-2 à compter du 01-04-2022_0.pdf","https://www.ecologie.gouv.fr/sites/default/files/documents/TRA-EQ-125%20vA40-2%20%C3%A0%20compter%20du%2001-04-2022_0.pdf","5"
"Transport_TRA","TRA-EQ-126","TRA-EQ-126 vA43-1 à compter du 23-02-2022 : Remotorisation en propulsion électrique ou hybride d’un bateau naviguant en eaux intérieures PDF – 120.58 Ko","Transport_TRA/TRA-EQ-126 vA43-1 à compter du 23-02-2022.pdf","https://www.ecologie.gouv.fr/sites/default/files/documents/TRA-EQ-126%20vA43-1%20%C3%A0%20compter%20du%2023-02-2022.pdf","5"
"Transport_TRA","TRA-EQ-127","TRA-EQ-127 vA54-1 à compter du 01-10-2023 : Acquisition d’un bateau neuf à propulsion électrique ou hybride, naviguant en eaux intérieures PDF – 142.11 Ko","Transport_TRA/TRA-EQ-127 vA54-1 à compter du 01-10-2023_0.pdf","https://www.ecologie.gouv.fr/sites/default/files/documents/TRA-EQ-127%20vA54-1%20%C3%A0%20compter%20du%2001-10-2023_0.pdf","5"
"Transport_TRA","TRA-EQ-128","TRA-EQ-128 vA68-3 à compter du 28-05-2025 : Achat ou location d’un autocar ou d’un autobus électrique neuf ou réalisation d’une opération de rétrofit électrique d’autocar ou d’autobus PDF – 144.17 Ko","Transport_TRA/TRA-EQ-128 vA68-3 à compter du 28-05-2025.pdf","https://www.ecologie.gouv.fr/sites/default/files/documents/TRA-EQ-128%20vA68-3%20%C3%A0%20compter%20du%2028-05-2025.pdf","6"
"Transport_TRA","TRA-EQ-129","TRA-EQ-129 vA73-3 à compter du 01-11-2025 : Achat ou location d’un véhicule lourd électrique neuf de transport de marchandises ou issu d’une opération de rétrofit électrique PDF – 194.59 Ko","Transport_TRA/TRA-EQ-129 vA73-3 à compter du 01-11-2025.pdf","https://www.ecologie.gouv.fr/sites/default/files/documents/TRA-EQ-129%20vA73-3%20%C3%A0%20compter%20du%2001-11-2025.pdf","6"
"Transport_TRA","TRA-EQ-130","TRA-EQ-130 vA73-3 à compter du 01-09-2025 : Achat ou location d’un quadricycle électrique neuf PDF – 131.3 Ko","Transport_TRA/TRA-EQ-130 vA73-3 à compter du 01-09-2025.pdf","https://www.ecologie.gouv.fr/sites/default/files/documents/TRA-EQ-130%20vA73-3%20%C3%A0%20compter%20du%2001-09-2025.pdf","6"
"Transport_TRA","TRA-EQ-131","TRA-EQ-131 vA73-2 à compter du 23-08-2025 : Achat ou location, par une personne morale, de vélos-cargos neufs ou reconditionnés PDF – 111.41 Ko","Transport_TRA/TRA-EQ-131 vA73-2 à compter du 23-08-2025_0.pdf","https://www.ecologie.gouv.fr/sites/default/files/documents/TRA-EQ-131%20vA73-2%20%C3%A0%20compter%20du%2023-08-2025_0.pdf","6"
"Transport_TRA","TRA-EQ-132","TRA-EQ-132 vA65-1 à compter du 01-01-2025 : Appareil de mesure, d’analyse et d’optimisation de la consommation de carburant d’un navire de pêche PDF – 244.94 Ko","Transport_TRA/TRA-EQ-132 vA65-1 à compter du 01-01-2025_0.pdf","https://www.ecologie.gouv.fr/sites/default/files/documents/TRA-EQ-132%20vA65-1%20%C3%A0%20compter%20du%2001-01-2025_0.pdf","3"
"Transport_TRA","TRA-SE-101","TRA-SE-101 vA14-1 : Formation d’un chauffeur de transport à la conduite économe PDF – 109.64 Ko","Transport_TRA/TRA-SE-101 vA14-1.pdf","https://www.ecologie.gouv.fr/sites/default/files/documents/TRA-SE-101%20vA14-1.pdf","5"
"Transport_TRA","TRA-SE-102","TRA-SE-102 vA14-1 : Formation d’un chauffeur de véhicule léger à la conduite économe PDF – 110.35 Ko","Transport_TRA/TRA-SE-102 vA14-1.pdf","https://www.ecologie.gouv.fr/sites/default/files/documents/TRA-SE-102%20vA14-1.pdf","5"
"Transport_TRA","TRA-SE-104","TRA-SE-104 vA14-1 : Station de gonflage des pneumatiques PDF – 133.96 Ko","Transport_TRA/TRA-SE-104 vA14-1.pdf","https://www.ecologie.gouv.fr/sites/default/files/documents/TRA-SE-104%20vA14-1.pdf","5"
"Transport_TRA","TRA-SE-105","TRA-SE-105 vA14-1 : Recreusage des pneumatiques PDF – 154.71 Ko","Transport_TRA/TRA-SE-105 vA14-1.pdf","https://www.ecologie.gouv.fr/sites/default/files/documents/TRA-SE-105%20vA14-1.pdf","5"
"Transport_TRA","TRA-SE-106","TRA-SE-106 vA19-2 : Mesure et optimisation des consommations de carburant pour une unité de transport fluvial PDF – 133.89 Ko","Transport_TRA/TRA-SE-106 vA19-2_0.pdf","https://www.ecologie.gouv.fr/sites/default/files/documents/TRA-SE-106%20vA19-2_0.pdf","5"
"Transport_TRA","TRA-SE-107","TRA-SE-107 vA19-1 : Carénage sur une unité de transport fluvial PDF – 131.18 Ko","Transport_TRA/TRA-SE-107 vA19-1.pdf","https://www.ecologie.gouv.fr/sites/default/files/documents/TRA-SE-107%20vA19-1.pdf","5"
"Transport_TRA","TRA-SE-108","TRA-SE-108 vA14-1 : Gestion externalisée de la globalité du poste pneumatique (Véhicules de transport de marchandises) PDF – 149.37 Ko","Transport_TRA/TRA-SE-108 vA14-1.pdf","https://www.ecologie.gouv.fr/sites/default/files/documents/TRA-SE-108%20vA14-1.pdf","5"
"Transport_TRA","TRA-SE-109","TRA-SE-109 vA14-1 : Gestion externalisée de la globalité du poste pneumatique (Véhicules de transport de personnes) PDF – 153.56 Ko","Transport_TRA/TRA-SE-109 vA14-1_0.pdf","https://www.ecologie.gouv.fr/sites/default/files/documents/TRA-SE-109%20vA14-1_0.pdf","5"
"Transport_TRA","TRA-SE-110","TRA-SE-110 vA14-1 : Gestion optimisée de la globalité du poste pneumatique (Véhicules de transport de marchandises) PDF – 140 Ko","Transport_TRA/TRA-SE-110 vA14-1.pdf","https://www.ecologie.gouv.fr/sites/default/files/documents/TRA-SE-110%20vA14-1.pdf","5"
"Transport_TRA","TRA-SE-111","TRA-SE-111 vA14-1 : Gestion optimisée de la globalité du poste pneumatique (Véhicules de transport de personnes) PDF – 105.85 Ko","Transport_TRA/TRA-SE-111 vA14-1.pdf","https://www.ecologie.gouv.fr/sites/default/files/documents/TRA-SE-111%20vA14-1.pdf","5"
"Transport_TRA","TRA-SE-112","TRA-SE-112 vA15-1 : Service d’autopartage en boucle PDF – 101.94 Ko","Transport_TRA/TRA-SE-112 vA15-1.pdf","https://www.ecologie.gouv.fr/sites/default/files/documents/TRA-SE-112%20vA15-1.pdf","5"
"Transport_TRA","TRA-SE-113","TRA-SE-113 vA14-1 : Suivi des consommations de carburants grâce à des cartes privatives PDF – 100.08 Ko","Transport_TRA/TRA-SE-113 vA14-1.pdf","https://www.ecologie.gouv.fr/sites/default/files/documents/TRA-SE-113%20vA14-1.pdf","5"
"Transport_TRA","TRA-SE-116","TRA-SE-116 vA65-2 à compter du 01-01-2025 : Fret ferroviaire PDF – 122.64 Ko","Transport_TRA/TRA-SE-116 vA65-2 à compter du 01-01-2025_0.pdf","https://www.ecologie.gouv.fr/sites/default/files/documents/TRA-SE-116%20vA65-2%20%C3%A0%20compter%20du%2001-01-2025_0.pdf","6"
"Transport_TRA","TRA-SE-117","TRA-SE-117 vA65-1 à compter du 01-01-2025 : Fret fluvial PDF – 177.34 Ko","Transport_TRA/TRA-SE-117 vA65-1 à compter du 01-01-2025_0.pdf","https://www.ecologie.gouv.fr/sites/default/files/documents/TRA-SE-117%20vA65-1%20%C3%A0%20compter%20du%2001-01-2025_0.pdf","6"
