"Dossier","Fichiers","TailleMo","PageTexte"
"_CEE_complements/01_Bonification pour le fret ferroviaire","2","0,06","_CEE_complements/01_Bonification pour le fret ferroviaire/page.txt"
"_CEE_complements/02_CEE _ les programmes d’accompagnement","12","15,7","_CEE_complements/02_CEE _ les programmes d’accompagnement/page.txt"
"_CEE_complements/03_Comités de pilotage - Lettres d’information et Statistiques du disposi","21","10,25","_CEE_complements/03_Comités de pilotage - Lettres d’information et Statistiques du disposi/page.txt"
"_CEE_complements/04_Coup de pouce _Chauffage_","11","4,84","_CEE_complements/04_Coup de pouce _Chauffage_/page.txt"
"_CEE_complements/05_Coup de pouce _Chauffage des bâtiments résidentiels collectifs et tert","15","6,3","_CEE_complements/05_Coup de pouce _Chauffage des bâtiments résidentiels collectifs et tert/page.txt"
"_CEE_complements/06_Coup de pouce « Rénovation d’ampleur des maisons et appartements indiv","4","0,48","_CEE_complements/06_Coup de pouce « Rénovation d’ampleur des maisons et appartements indiv/page.txt"
"_CEE_complements/07_Coup de pouce _Rénovation performante de bâtiment résidentiel collecti","4","0,3","_CEE_complements/07_Coup de pouce _Rénovation performante de bâtiment résidentiel collecti/page.txt"
"_CEE_complements/08_Coup de pouce _Véhicules Particuliers Electriques_","5","0,72","_CEE_complements/08_Coup de pouce _Véhicules Particuliers Electriques_/page.txt"
"_CEE_complements/09_Dispositif des Certificats d’économies d’énergie","9","10,35","_CEE_complements/09_Dispositif des Certificats d’économies d’énergie/page.txt"
"_CEE_complements/10_Économies d’énergie dans les collectivités","6","0,18","_CEE_complements/10_Économies d’énergie dans les collectivités/page.txt"
"_CEE_complements/11_Modalités détaillées pour déposer un dossier de demande de Certificats","3","2,68","_CEE_complements/11_Modalités détaillées pour déposer un dossier de demande de Certificats/page.txt"
"_CEE_complements/12_Opérations spécifiques d’économies d’énergie","5","2,56","_CEE_complements/12_Opérations spécifiques d’économies d’énergie/page.txt"
"_CEE_complements/13_Opérations standardisées d'économies d'énergie","2","1,29","_CEE_complements/13_Opérations standardisées d'économies d'énergie/page.txt"
"_CEE_complements/14_Questions-réponses sur le dispositif CEE","147","11,4","_CEE_complements/14_Questions-réponses sur le dispositif CEE/page.txt"
"_CEE_complements/15_SARE- Service d'accompagnement pour la rénovation énergétique","4","15,46","_CEE_complements/15_SARE- Service d'accompagnement pour la rénovation énergétique/page.txt"
