"PageDossier","Fichier","CheminDepot","TailleMo"
"","README.md","_CEE_complements/README.md","0,001"
"01_Bonification pour le fret ferroviaire","page.html","_CEE_complements/01_Bonification pour le fret ferroviaire/page.html","0,049"
"01_Bonification pour le fret ferroviaire","page.txt","_CEE_complements/01_Bonification pour le fret ferroviaire/page.txt","0,007"
"02_CEE _ les programmes d’accompagnement","2025_12_Catalogue_programmes_CEE_en_cours.pdf","_CEE_complements/02_CEE _ les programmes d’accompagnement/2025_12_Catalogue_programmes_CEE_en_cours.pdf","2,957"
"02_CEE _ les programmes d’accompagnement","2026-03 Flash info_LeasingSocial2026 AAF_Consultation.docx","_CEE_complements/02_CEE _ les programmes d’accompagnement/2026-03 Flash info_LeasingSocial2026 AAF_Consultation.docx","0,135"
"02_CEE _ les programmes d’accompagnement","2026-03 Flash info_LeasingSocial2026 AAF_Consultation.pdf","_CEE_complements/02_CEE _ les programmes d’accompagnement/2026-03 Flash info_LeasingSocial2026 AAF_Consultation.pdf","0,952"
"02_CEE _ les programmes d’accompagnement","20260311_DoctrineProgrammesCEE.pdf","_CEE_complements/02_CEE _ les programmes d’accompagnement/20260311_DoctrineProgrammesCEE.pdf","0,877"
"02_CEE _ les programmes d’accompagnement","Doctrine Programme_FINAL_V2_2021_06_25.pdf","_CEE_complements/02_CEE _ les programmes d’accompagnement/Doctrine Programme_FINAL_V2_2021_06_25.pdf","0,812"
"02_CEE _ les programmes d’accompagnement","Dossier type Bilan fin de programme_0.zip","_CEE_complements/02_CEE _ les programmes d’accompagnement/Dossier type Bilan fin de programme_0.zip","2,518"
"02_CEE _ les programmes d’accompagnement","Formulaire de candidature_Consultation.xlsx","_CEE_complements/02_CEE _ les programmes d’accompagnement/Formulaire de candidature_Consultation.xlsx","4,524"
"02_CEE _ les programmes d’accompagnement","Guide_programmes_CEE_février_2023.pdf","_CEE_complements/02_CEE _ les programmes d’accompagnement/Guide_programmes_CEE_février_2023.pdf","1,729"
"02_CEE _ les programmes d’accompagnement","page.html","_CEE_complements/02_CEE _ les programmes d’accompagnement/page.html","0,318"
"02_CEE _ les programmes d’accompagnement","page.txt","_CEE_complements/02_CEE _ les programmes d’accompagnement/page.txt","0,077"
"02_CEE _ les programmes d’accompagnement","PPT webinaire doctrine programmes_vf2.pdf","_CEE_complements/02_CEE _ les programmes d’accompagnement/PPT webinaire doctrine programmes_vf2.pdf","0,784"
"02_CEE _ les programmes d’accompagnement","Respect des plafonds_Consultation.xlsx","_CEE_complements/02_CEE _ les programmes d’accompagnement/Respect des plafonds_Consultation.xlsx","0,013"
"03_Comités de pilotage - Lettres d’information et Statistiques du disposi","2026-01 lettre d'infos CEE vf_0.pdf","_CEE_complements/03_Comités de pilotage - Lettres d’information et Statistiques du disposi/2026-01 lettre d'infos CEE vf_0.pdf","4,241"
"03_Comités de pilotage - Lettres d’information et Statistiques du disposi","2026-01-13 Flash Info Indices de prix à terme.pdf","_CEE_complements/03_Comités de pilotage - Lettres d’information et Statistiques du disposi/2026-01-13 Flash Info Indices de prix à terme.pdf","0,148"
"03_Comités de pilotage - Lettres d’information et Statistiques du disposi","2026-02 lettre d'infos CEE vf.pdf","_CEE_complements/03_Comités de pilotage - Lettres d’information et Statistiques du disposi/2026-02 lettre d'infos CEE vf.pdf","0,626"
"03_Comités de pilotage - Lettres d’information et Statistiques du disposi","2026-02-09 Flash Info Recencement BAR-SE-109 v2_0.pdf","_CEE_complements/03_Comités de pilotage - Lettres d’information et Statistiques du disposi/2026-02-09 Flash Info Recencement BAR-SE-109 v2_0.pdf","0,18"
"03_Comités de pilotage - Lettres d’information et Statistiques du disposi","2026-02-16 Flash Info Indices de prix à terme.pdf","_CEE_complements/03_Comités de pilotage - Lettres d’information et Statistiques du disposi/2026-02-16 Flash Info Indices de prix à terme.pdf","0,145"
"03_Comités de pilotage - Lettres d’information et Statistiques du disposi","2026-03 lettre d'infos CEE vf2.pdf","_CEE_complements/03_Comités de pilotage - Lettres d’information et Statistiques du disposi/2026-03 lettre d'infos CEE vf2.pdf","0,577"
"03_Comités de pilotage - Lettres d’information et Statistiques du disposi","2026-03-11 Flash Info Indices de prix à terme.pdf","_CEE_complements/03_Comités de pilotage - Lettres d’information et Statistiques du disposi/2026-03-11 Flash Info Indices de prix à terme.pdf","0,144"
"03_Comités de pilotage - Lettres d’information et Statistiques du disposi","2026-03-13 Flash Info Vente de CEE par l'ANAH.pdf","_CEE_complements/03_Comités de pilotage - Lettres d’information et Statistiques du disposi/2026-03-13 Flash Info Vente de CEE par l'ANAH.pdf","0,158"
"03_Comités de pilotage - Lettres d’information et Statistiques du disposi","2026-03-18 Flash Info Doctrine programme.pdf","_CEE_complements/03_Comités de pilotage - Lettres d’information et Statistiques du disposi/2026-03-18 Flash Info Doctrine programme.pdf","0,529"
"03_Comités de pilotage - Lettres d’information et Statistiques du disposi","2026-04 - 16 Flash info_LeasingSocial2026 AAF_VF.pdf","_CEE_complements/03_Comités de pilotage - Lettres d’information et Statistiques du disposi/2026-04 - 16 Flash info_LeasingSocial2026 AAF_VF.pdf","0,973"
"03_Comités de pilotage - Lettres d’information et Statistiques du disposi","2026-04 lettre d'infos CEE vf.pdf","_CEE_complements/03_Comités de pilotage - Lettres d’information et Statistiques du disposi/2026-04 lettre d'infos CEE vf.pdf","0,63"
"03_Comités de pilotage - Lettres d’information et Statistiques du disposi","2026-04-02 Flash Info Textes CEE pour le CSE du 16 avril 2026.pdf","_CEE_complements/03_Comités de pilotage - Lettres d’information et Statistiques du disposi/2026-04-02 Flash Info Textes CEE pour le CSE du 16 avril 2026.pdf","0,235"
"03_Comités de pilotage - Lettres d’information et Statistiques du disposi","2026-04-10 Flash Info Indices de prix à terme.pdf","_CEE_complements/03_Comités de pilotage - Lettres d’information et Statistiques du disposi/2026-04-10 Flash Info Indices de prix à terme.pdf","0,226"
"03_Comités de pilotage - Lettres d’information et Statistiques du disposi","2026-04-21 Flash Info Textes CEE pour le CSE du 5 mai 2026.pdf","_CEE_complements/03_Comités de pilotage - Lettres d’information et Statistiques du disposi/2026-04-21 Flash Info Textes CEE pour le CSE du 5 mai 2026.pdf","0,578"
"03_Comités de pilotage - Lettres d’information et Statistiques du disposi","2026-05-07 Flash Info Vente de CEE par l'ANAH.pdf","_CEE_complements/03_Comités de pilotage - Lettres d’information et Statistiques du disposi/2026-05-07 Flash Info Vente de CEE par l'ANAH.pdf","0,233"
"03_Comités de pilotage - Lettres d’information et Statistiques du disposi","20260126 - Statistiques dépôts et délivrance CEE.xlsx","_CEE_complements/03_Comités de pilotage - Lettres d’information et Statistiques du disposi/20260126 - Statistiques dépôts et délivrance CEE.xlsx","0,022"
"03_Comités de pilotage - Lettres d’information et Statistiques du disposi","20260204 - Statistiques dépôts et délivrance CEE.xlsx","_CEE_complements/03_Comités de pilotage - Lettres d’information et Statistiques du disposi/20260204 - Statistiques dépôts et délivrance CEE.xlsx","0,022"
"03_Comités de pilotage - Lettres d’information et Statistiques du disposi","20260323 - Statistiques dépôts et délivrance CEE.xlsx","_CEE_complements/03_Comités de pilotage - Lettres d’information et Statistiques du disposi/20260323 - Statistiques dépôts et délivrance CEE.xlsx","0,022"
"03_Comités de pilotage - Lettres d’information et Statistiques du disposi","20260427 - Statistiques dépôts et délivrance CEE.xlsx","_CEE_complements/03_Comités de pilotage - Lettres d’information et Statistiques du disposi/20260427 - Statistiques dépôts et délivrance CEE.xlsx","0,022"
"03_Comités de pilotage - Lettres d’information et Statistiques du disposi","page.html","_CEE_complements/03_Comités de pilotage - Lettres d’information et Statistiques du disposi/page.html","0,495"
"03_Comités de pilotage - Lettres d’information et Statistiques du disposi","page.txt","_CEE_complements/03_Comités de pilotage - Lettres d’information et Statistiques du disposi/page.txt","0,044"
"04_Coup de pouce _Chauffage_","BAR-TH-113 vA79-4 à compter du 01-01-2026_0.pdf","_CEE_complements/04_Coup de pouce _Chauffage_/BAR-TH-113 vA79-4 à compter du 01-01-2026_0.pdf","0,242"
"04_Coup de pouce _Chauffage_","BAR-TH-137 vA79-4 à compter du 01-01-2026_1.pdf","_CEE_complements/04_Coup de pouce _Chauffage_/BAR-TH-137 vA79-4 à compter du 01-01-2026_1.pdf","0,418"
"04_Coup de pouce _Chauffage_","BAR-TH-143 vA79-6 à compter du 01-01-2026_0.pdf","_CEE_complements/04_Coup de pouce _Chauffage_/BAR-TH-143 vA79-6 à compter du 01-01-2026_0.pdf","0,231"
"04_Coup de pouce _Chauffage_","BAR-TH-171 vA78.4 à compter du 01-01-2026_0.pdf","_CEE_complements/04_Coup de pouce _Chauffage_/BAR-TH-171 vA78.4 à compter du 01-01-2026_0.pdf","0,238"
"04_Coup de pouce _Chauffage_","BAR-TH-172 vA78.4 à compter du 01-01-2026_0.pdf","_CEE_complements/04_Coup de pouce _Chauffage_/BAR-TH-172 vA78.4 à compter du 01-01-2026_0.pdf","0,237"
"04_Coup de pouce _Chauffage_","Les offres Coup de pouce - Chauffage - maj 10-03-2026.pdf","_CEE_complements/04_Coup de pouce _Chauffage_/Les offres Coup de pouce - Chauffage - maj 10-03-2026.pdf","0,793"
"04_Coup de pouce _Chauffage_","Modèle - Charte Coup de pouce Chauffage à compter du 01-01-2026.docx","_CEE_complements/04_Coup de pouce _Chauffage_/Modèle - Charte Coup de pouce Chauffage à compter du 01-01-2026.docx","0,083"
"04_Coup de pouce _Chauffage_","page.html","_CEE_complements/04_Coup de pouce _Chauffage_/page.html","0,127"
"04_Coup de pouce _Chauffage_","page.txt","_CEE_complements/04_Coup de pouce _Chauffage_/page.txt","0,044"
"04_Coup de pouce _Chauffage_","Signataire - Offre - Bilan CdP Chauffage - AAAAMM_0.xls","_CEE_complements/04_Coup de pouce _Chauffage_/Signataire - Offre - Bilan CdP Chauffage - AAAAMM_0.xls","2,32"
"04_Coup de pouce _Chauffage_","Statistiques_Coup-de-pouce_Chauffage_2.xlsx","_CEE_complements/04_Coup de pouce _Chauffage_/Statistiques_Coup-de-pouce_Chauffage_2.xlsx","0,111"
"05_Coup de pouce _Chauffage des bâtiments résidentiels collectifs et tert","Attestation conservation équipement de secours_vfclean.docx","_CEE_complements/05_Coup de pouce _Chauffage des bâtiments résidentiels collectifs et tert/Attestation conservation équipement de secours_vfclean.docx","0,035"
"05_Coup de pouce _Chauffage des bâtiments résidentiels collectifs et tert","Attestation de Mise Hors Service_vfclean.docx","_CEE_complements/05_Coup de pouce _Chauffage des bâtiments résidentiels collectifs et tert/Attestation de Mise Hors Service_vfclean.docx","0,033"
"05_Coup de pouce _Chauffage des bâtiments résidentiels collectifs et tert","BAR-TH-137 vA79-4 à compter du 01-01-2026_0.pdf","_CEE_complements/05_Coup de pouce _Chauffage des bâtiments résidentiels collectifs et tert/BAR-TH-137 vA79-4 à compter du 01-01-2026_0.pdf","0,418"
"05_Coup de pouce _Chauffage des bâtiments résidentiels collectifs et tert","BAR-TH-178 vA75-1 à compter du 01-01-2026_0.pdf","_CEE_complements/05_Coup de pouce _Chauffage des bâtiments résidentiels collectifs et tert/BAR-TH-178 vA75-1 à compter du 01-01-2026_0.pdf","0,621"
"05_Coup de pouce _Chauffage des bâtiments résidentiels collectifs et tert","BAR-TH-179 vA75-1 à compter du 01-01-2026_0.pdf","_CEE_complements/05_Coup de pouce _Chauffage des bâtiments résidentiels collectifs et tert/BAR-TH-179 vA75-1 à compter du 01-01-2026_0.pdf","0,249"
"05_Coup de pouce _Chauffage des bâtiments résidentiels collectifs et tert","BAR-TH-180 vA75-1 à compter du 01-01-2026_0.pdf","_CEE_complements/05_Coup de pouce _Chauffage des bâtiments résidentiels collectifs et tert/BAR-TH-180 vA75-1 à compter du 01-01-2026_0.pdf","0,421"
"05_Coup de pouce _Chauffage des bâtiments résidentiels collectifs et tert","BAT-TH-127 vA79-5 à compter du 01-01-2026_0.pdf","_CEE_complements/05_Coup de pouce _Chauffage des bâtiments résidentiels collectifs et tert/BAT-TH-127 vA79-5 à compter du 01-01-2026_0.pdf","0,57"
"05_Coup de pouce _Chauffage des bâtiments résidentiels collectifs et tert","BAT-TH-162 vA75-1 à compter du 01-01-2026_0.pdf","_CEE_complements/05_Coup de pouce _Chauffage des bâtiments résidentiels collectifs et tert/BAT-TH-162 vA75-1 à compter du 01-01-2026_0.pdf","0,613"
"05_Coup de pouce _Chauffage des bâtiments résidentiels collectifs et tert","BAT-TH-163 vA75-1 à compter du 01-01-2026_0.pdf","_CEE_complements/05_Coup de pouce _Chauffage des bâtiments résidentiels collectifs et tert/BAT-TH-163 vA75-1 à compter du 01-01-2026_0.pdf","0,248"
"05_Coup de pouce _Chauffage des bâtiments résidentiels collectifs et tert","BAT-TH-164 vA75-1 à compter du 01-01-2026_0.pdf","_CEE_complements/05_Coup de pouce _Chauffage des bâtiments résidentiels collectifs et tert/BAT-TH-164 vA75-1 à compter du 01-01-2026_0.pdf","0,421"
"05_Coup de pouce _Chauffage des bâtiments résidentiels collectifs et tert","Les offres Coup de pouce - Chauffage BRCT - maj 13-03-2026.pdf","_CEE_complements/05_Coup de pouce _Chauffage des bâtiments résidentiels collectifs et tert/Les offres Coup de pouce - Chauffage BRCT - maj 13-03-2026.pdf","0,82"
"05_Coup de pouce _Chauffage des bâtiments résidentiels collectifs et tert","Modele 2026 - Bilan Coup de pouce BRC et Tertiaire.xlsx","_CEE_complements/05_Coup de pouce _Chauffage des bâtiments résidentiels collectifs et tert/Modele 2026 - Bilan Coup de pouce BRC et Tertiaire.xlsx","1,614"
"05_Coup de pouce _Chauffage des bâtiments résidentiels collectifs et tert","Modèle Charte CdP Chauffage BRC et tertiaires.docx","_CEE_complements/05_Coup de pouce _Chauffage des bâtiments résidentiels collectifs et tert/Modèle Charte CdP Chauffage BRC et tertiaires.docx","0,108"
"05_Coup de pouce _Chauffage des bâtiments résidentiels collectifs et tert","page.html","_CEE_complements/05_Coup de pouce _Chauffage des bâtiments résidentiels collectifs et tert/page.html","0,102"
"05_Coup de pouce _Chauffage des bâtiments résidentiels collectifs et tert","page.txt","_CEE_complements/05_Coup de pouce _Chauffage des bâtiments résidentiels collectifs et tert/page.txt","0,028"
"06_Coup de pouce « Rénovation d’ampleur des maisons et appartements indiv","BAR-TH-174 vA80-3 à compter du 17-01-2026.pdf","_CEE_complements/06_Coup de pouce « Rénovation d’ampleur des maisons et appartements indiv/BAR-TH-174 vA80-3 à compter du 17-01-2026.pdf","0,189"
"06_Coup de pouce « Rénovation d’ampleur des maisons et appartements indiv","BAR-TH-175 vA80-3 à compter du 17-01-2026.pdf","_CEE_complements/06_Coup de pouce « Rénovation d’ampleur des maisons et appartements indiv/BAR-TH-175 vA80-3 à compter du 17-01-2026.pdf","0,187"
"06_Coup de pouce « Rénovation d’ampleur des maisons et appartements indiv","page.html","_CEE_complements/06_Coup de pouce « Rénovation d’ampleur des maisons et appartements indiv/page.html","0,086"
"06_Coup de pouce « Rénovation d’ampleur des maisons et appartements indiv","page.txt","_CEE_complements/06_Coup de pouce « Rénovation d’ampleur des maisons et appartements indiv/page.txt","0,022"
"07_Coup de pouce _Rénovation performante de bâtiment résidentiel collecti","BAR-TH-177 vA80-2 à compter du 17-01-2026.pdf","_CEE_complements/07_Coup de pouce _Rénovation performante de bâtiment résidentiel collecti/BAR-TH-177 vA80-2 à compter du 17-01-2026.pdf","0,167"
"07_Coup de pouce _Rénovation performante de bâtiment résidentiel collecti","page.html","_CEE_complements/07_Coup de pouce _Rénovation performante de bâtiment résidentiel collecti/page.html","0,092"
"07_Coup de pouce _Rénovation performante de bâtiment résidentiel collecti","page.txt","_CEE_complements/07_Coup de pouce _Rénovation performante de bâtiment résidentiel collecti/page.txt","0,03"
"07_Coup de pouce _Rénovation performante de bâtiment résidentiel collecti","Tableau_travaux_Réno-performante-BC_BAR-TH-177.xlsx","_CEE_complements/07_Coup de pouce _Rénovation performante de bâtiment résidentiel collecti/Tableau_travaux_Réno-performante-BC_BAR-TH-177.xlsx","0,01"
"08_Coup de pouce _Véhicules Particuliers Electriques_","CdP CE_LesOffres_maj170426.pdf","_CEE_complements/08_Coup de pouce _Véhicules Particuliers Electriques_/CdP CE_LesOffres_maj170426.pdf","0,37"
"08_Coup de pouce _Véhicules Particuliers Electriques_","Charte d'engagement CDP VE.docx","_CEE_complements/08_Coup de pouce _Véhicules Particuliers Electriques_/Charte d'engagement CDP VE.docx","0,084"
"08_Coup de pouce _Véhicules Particuliers Electriques_","page.html","_CEE_complements/08_Coup de pouce _Véhicules Particuliers Electriques_/page.html","0,056"
"08_Coup de pouce _Véhicules Particuliers Electriques_","page.txt","_CEE_complements/08_Coup de pouce _Véhicules Particuliers Electriques_/page.txt","0,007"
"08_Coup de pouce _Véhicules Particuliers Electriques_","Reporting Coup de Pouce Véhicules Particuliers Electriques_0.xlsx","_CEE_complements/08_Coup de pouce _Véhicules Particuliers Electriques_/Reporting Coup de Pouce Véhicules Particuliers Electriques_0.xlsx","0,207"
"09_Dispositif des Certificats d’économies d’énergie","2026-04-01 Arrete modalites 29_dec_2014 vconsolidee.docx","_CEE_complements/09_Dispositif des Certificats d’économies d’énergie/2026-04-01 Arrete modalites 29_dec_2014 vconsolidee.docx","0,43"
"09_Dispositif des Certificats d’économies d’énergie","2026-04-01 Arrete modalites 29_dec_2014 vconsolidee.pdf","_CEE_complements/09_Dispositif des Certificats d’économies d’énergie/2026-04-01 Arrete modalites 29_dec_2014 vconsolidee.pdf","1,778"
"09_Dispositif des Certificats d’économies d’énergie","2026-05-01 Arrêté Contrôles CEE du 28 sept 2021 vconsolidée.docx","_CEE_complements/09_Dispositif des Certificats d’économies d’énergie/2026-05-01 Arrêté Contrôles CEE du 28 sept 2021 vconsolidée.docx","0,15"
"09_Dispositif des Certificats d’économies d’énergie","2026-05-01 Arrêté Contrôles CEE du 28 sept 2021 vconsolidée.pdf","_CEE_complements/09_Dispositif des Certificats d’économies d’énergie/2026-05-01 Arrêté Contrôles CEE du 28 sept 2021 vconsolidée.pdf","1,11"
"09_Dispositif des Certificats d’économies d’énergie","2026-07-01 Arrêté dossier demande du 04_sep_2014 vconsolidée.pdf","_CEE_complements/09_Dispositif des Certificats d’économies d’énergie/2026-07-01 Arrêté dossier demande du 04_sep_2014 vconsolidée.pdf","0,855"
"09_Dispositif des Certificats d’économies d’énergie","Arrêté dossier demande du 04_sep_2014 vconsolidée_1.pdf","_CEE_complements/09_Dispositif des Certificats d’économies d’énergie/Arrêté dossier demande du 04_sep_2014 vconsolidée_1.pdf","1,365"
"09_Dispositif des Certificats d’économies d’énergie","Bilan annuel CEE P5 - 2024 v2clean.pdf","_CEE_complements/09_Dispositif des Certificats d’économies d’énergie/Bilan annuel CEE P5 - 2024 v2clean.pdf","4,215"
"09_Dispositif des Certificats d’économies d’énergie","page.html","_CEE_complements/09_Dispositif des Certificats d’économies d’énergie/page.html","0,362"
"09_Dispositif des Certificats d’économies d’énergie","page.txt","_CEE_complements/09_Dispositif des Certificats d’économies d’énergie/page.txt","0,088"
"10_Économies d’énergie dans les collectivités","Modèle d'attestation sur l'honneur(1)_MAJmars18.doc","_CEE_complements/10_Économies d’énergie dans les collectivités/Modèle d'attestation sur l'honneur(1)_MAJmars18.doc","0,025"
"10_Économies d’énergie dans les collectivités","Modèle d'attestation_le demandeur n'est pas le territoire lauréat TEPCV(2)_MAJmars18.doc","_CEE_complements/10_Économies d’énergie dans les collectivités/Modèle d'attestation_le demandeur n'est pas le territoire lauréat TEPCV(2)_MAJmars18.doc","0,027"
"10_Économies d’énergie dans les collectivités","Modèle état récapitulatif PM.xls","_CEE_complements/10_Économies d’énergie dans les collectivités/Modèle état récapitulatif PM.xls","0,022"
"10_Économies d’énergie dans les collectivités","Modèle état récapitulatif PP.xls","_CEE_complements/10_Économies d’énergie dans les collectivités/Modèle état récapitulatif PP.xls","0,021"
"10_Économies d’énergie dans les collectivités","page.html","_CEE_complements/10_Économies d’énergie dans les collectivités/page.html","0,069"
"10_Économies d’énergie dans les collectivités","page.txt","_CEE_complements/10_Économies d’énergie dans les collectivités/page.txt","0,015"
"11_Modalités détaillées pour déposer un dossier de demande de Certificats","181123_Guide Mandataire_VF.pdf","_CEE_complements/11_Modalités détaillées pour déposer un dossier de demande de Certificats/181123_Guide Mandataire_VF.pdf","2,569"
"11_Modalités détaillées pour déposer un dossier de demande de Certificats","page.html","_CEE_complements/11_Modalités détaillées pour déposer un dossier de demande de Certificats/page.html","0,08"
"11_Modalités détaillées pour déposer un dossier de demande de Certificats","page.txt","_CEE_complements/11_Modalités détaillées pour déposer un dossier de demande de Certificats/page.txt","0,031"
"12_Opérations spécifiques d’économies d’énergie","Ademe-guide-cee-transport-2022.pdf","_CEE_complements/12_Opérations spécifiques d’économies d’énergie/Ademe-guide-cee-transport-2022.pdf","1,098"
"12_Opérations spécifiques d’économies d’énergie","Fiche_synthétique_Opé spécifique en installation fixe.docx","_CEE_complements/12_Opérations spécifiques d’économies d’énergie/Fiche_synthétique_Opé spécifique en installation fixe.docx","0,024"
"12_Opérations spécifiques d’économies d’énergie","Guide-CEE-ope-spécifique-inst-fixes-2025_0.pdf","_CEE_complements/12_Opérations spécifiques d’économies d’énergie/Guide-CEE-ope-spécifique-inst-fixes-2025_0.pdf","1,367"
"12_Opérations spécifiques d’économies d’énergie","page.html","_CEE_complements/12_Opérations spécifiques d’économies d’énergie/page.html","0,057"
"12_Opérations spécifiques d’économies d’énergie","page.txt","_CEE_complements/12_Opérations spécifiques d’économies d’énergie/page.txt","0,011"
"13_Opérations standardisées d'économies d'énergie","page.html","_CEE_complements/13_Opérations standardisées d'économies d'énergie/page.html","1,193"
"13_Opérations standardisées d'économies d'énergie","page.txt","_CEE_complements/13_Opérations standardisées d'économies d'énergie/page.txt","0,097"
"14_Questions-réponses sur le dispositif CEE","Groupes de competences - Inspection CEE - 1 - Enveloppe.pdf","_CEE_complements/14_Questions-réponses sur le dispositif CEE/Groupes de competences - Inspection CEE - 1 - Enveloppe.pdf","0,073"
"14_Questions-réponses sur le dispositif CEE","Groupes de competences - Inspection CEE - 2 - Calorifuge - 80ème arrêté.pdf","_CEE_complements/14_Questions-réponses sur le dispositif CEE/Groupes de competences - Inspection CEE - 2 - Calorifuge - 80ème arrêté.pdf","0,066"
"14_Questions-réponses sur le dispositif CEE","Groupes de competences - Inspection CEE - 5 - Equipements Simples - 80eme arrete.pdf","_CEE_complements/14_Questions-réponses sur le dispositif CEE/Groupes de competences - Inspection CEE - 5 - Equipements Simples - 80eme arrete.pdf","0,082"
"14_Questions-réponses sur le dispositif CEE","Groupes de competences - Inspection CEE - 6 - Equipements Complexes - 80eme arrete.pdf","_CEE_complements/14_Questions-réponses sur le dispositif CEE/Groupes de competences - Inspection CEE - 6 - Equipements Complexes - 80eme arrete.pdf","0,074"
"14_Questions-réponses sur le dispositif CEE","Groupes de competences - Inspection CEE - 7 - Rénovation Globale - 80eme arrete.pdf","_CEE_complements/14_Questions-réponses sur le dispositif CEE/Groupes de competences - Inspection CEE - 7 - Rénovation Globale - 80eme arrete.pdf","0,058"
"14_Questions-réponses sur le dispositif CEE","Groupes de competences - Inspection CEE - 8 - Transport - 80eme arrete.pdf","_CEE_complements/14_Questions-réponses sur le dispositif CEE/Groupes de competences - Inspection CEE - 8 - Transport - 80eme arrete.pdf","0,083"
"14_Questions-réponses sur le dispositif CEE","Groupes de competences - Inspection CEE - Catalogue - 80eme arrete_1.pdf","_CEE_complements/14_Questions-réponses sur le dispositif CEE/Groupes de competences - Inspection CEE - Catalogue - 80eme arrete_1.pdf","0,175"
"14_Questions-réponses sur le dispositif CEE","page.html","_CEE_complements/14_Questions-réponses sur le dispositif CEE/page.html","0,534"
"14_Questions-réponses sur le dispositif CEE","page.txt","_CEE_complements/14_Questions-réponses sur le dispositif CEE/page.txt","0,267"
"14_Questions-réponses sur le dispositif CEE","PNCEE_calcul_CEE_precarite_bonification_1.pdf","_CEE_complements/14_Questions-réponses sur le dispositif CEE/PNCEE_calcul_CEE_precarite_bonification_1.pdf","0,086"
"14_Questions-réponses sur le dispositif CEE","Q II.c.BT_. 14 - Cas des PAC - applicable avant le 01-01-2022.pdf","_CEE_complements/14_Questions-réponses sur le dispositif CEE/Q II.c.BT_. 14 - Cas des PAC - applicable avant le 01-01-2022.pdf","0,369"
"14_Questions-réponses sur le dispositif CEE","QR_annexe_longname_01.pdf","_CEE_complements/14_Questions-réponses sur le dispositif CEE/QR_annexe_longname_01.pdf","0,087"
"14_Questions-réponses sur le dispositif CEE","QR_annexe_longname_02.pdf","_CEE_complements/14_Questions-réponses sur le dispositif CEE/QR_annexe_longname_02.pdf","0,082"
"14_Questions-réponses sur le dispositif CEE","QR_annexe_longname_03.pdf","_CEE_complements/14_Questions-réponses sur le dispositif CEE/QR_annexe_longname_03.pdf","0,132"
"14_Questions-réponses sur le dispositif CEE","QR_annexe_longname_04.pdf","_CEE_complements/14_Questions-réponses sur le dispositif CEE/QR_annexe_longname_04.pdf","0,172"
"14_Questions-réponses sur le dispositif CEE","Tableau Modele-ctrCDP-Tableau personne morale V2.xls","_CEE_complements/14_Questions-réponses sur le dispositif CEE/Tableau Modele-ctrCDP-Tableau personne morale V2.xls","0,036"
"14_Questions-réponses sur le dispositif CEE","Tableau Modele-ctrCDP-Tableau personne physique v2.xls","_CEE_complements/14_Questions-réponses sur le dispositif CEE/Tableau Modele-ctrCDP-Tableau personne physique v2.xls","0,035"
"14_Questions-réponses sur le dispositif CEE","Tableau synthèse_BAR-TH-174_et_BAR-TH-175_TOP_0.xls","_CEE_complements/14_Questions-réponses sur le dispositif CEE/Tableau synthèse_BAR-TH-174_et_BAR-TH-175_TOP_0.xls","0,05"
"14_Questions-réponses sur le dispositif CEE","Tableau synthèse_BAR-TH-174_et_BAR-TH-175_TPM_0.xls","_CEE_complements/14_Questions-réponses sur le dispositif CEE/Tableau synthèse_BAR-TH-174_et_BAR-TH-175_TPM_0.xls","0,051"
"14_Questions-réponses sur le dispositif CEE","Tableau_AGRI-TH-104_TOP_vf.xls","_CEE_complements/14_Questions-réponses sur le dispositif CEE/Tableau_AGRI-TH-104_TOP_vf.xls","0,169"
"14_Questions-réponses sur le dispositif CEE","Tableau_AGRI-TH-104_TPM_vf.xls","_CEE_complements/14_Questions-réponses sur le dispositif CEE/Tableau_AGRI-TH-104_TPM_vf.xls","0,052"
"14_Questions-réponses sur le dispositif CEE","Tableau_BAR EN 101_BAR EN 103_BAR EN 106_BAT EN 101_BAT EN 103_BAT EN 106_IND EN 102_TOP_VF4.xls","_CEE_complements/14_Questions-réponses sur le dispositif CEE/Tableau_BAR EN 101_BAR EN 103_BAR EN 106_BAT EN 101_BAT EN 103_BAT EN 106_IND EN 102_TOP_VF4.xls","0,054"
"14_Questions-réponses sur le dispositif CEE","Tableau_BAR EN 101_BAR EN 103_BAR EN 106_BAT EN 101_BAT EN 103_BAT EN 106_IND EN 102_TPM_VF4.xls","_CEE_complements/14_Questions-réponses sur le dispositif CEE/Tableau_BAR EN 101_BAR EN 103_BAR EN 106_BAT EN 101_BAT EN 103_BAT EN 106_IND EN 102_TPM_VF4.xls","0,056"
"14_Questions-réponses sur le dispositif CEE","Tableau_BAR-EN-102-107_BAT-EN-102-108_IND-EN-101_IND-UT-131_TOP.xls","_CEE_complements/14_Questions-réponses sur le dispositif CEE/Tableau_BAR-EN-102-107_BAT-EN-102-108_IND-EN-101_IND-UT-131_TOP.xls","0,036"
"14_Questions-réponses sur le dispositif CEE","Tableau_BAR-EN-102-107_BAT-EN-102-108_IND-EN-101_IND-UT-131_TOP_vf4.xls","_CEE_complements/14_Questions-réponses sur le dispositif CEE/Tableau_BAR-EN-102-107_BAT-EN-102-108_IND-EN-101_IND-UT-131_TOP_vf4.xls","0,053"
"14_Questions-réponses sur le dispositif CEE","Tableau_BAR-EN-102-107_BAT-EN-102-108_IND-EN-101_IND-UT-131_TPM.xls","_CEE_complements/14_Questions-réponses sur le dispositif CEE/Tableau_BAR-EN-102-107_BAT-EN-102-108_IND-EN-101_IND-UT-131_TPM.xls","0,045"
"14_Questions-réponses sur le dispositif CEE","Tableau_BAR-EN-102-107_BAT-EN-102-108_IND-EN-101_IND-UT-131_TPM_vf4.xls","_CEE_complements/14_Questions-réponses sur le dispositif CEE/Tableau_BAR-EN-102-107_BAT-EN-102-108_IND-EN-101_IND-UT-131_TPM_vf4.xls","0,053"
"14_Questions-réponses sur le dispositif CEE","Tableau_BAR-EN-104_TOP_0.xls","_CEE_complements/14_Questions-réponses sur le dispositif CEE/Tableau_BAR-EN-104_TOP_0.xls","0,196"
"14_Questions-réponses sur le dispositif CEE","Tableau_BAR-EN-104_TPM_0.xls","_CEE_complements/14_Questions-réponses sur le dispositif CEE/Tableau_BAR-EN-104_TPM_0.xls","0,041"
"14_Questions-réponses sur le dispositif CEE","Tableau_BAR-EN-105_TOP_vf.xls","_CEE_complements/14_Questions-réponses sur le dispositif CEE/Tableau_BAR-EN-105_TOP_vf.xls","0,208"
"14_Questions-réponses sur le dispositif CEE","Tableau_BAR-EN-105_TPM_vf.xls","_CEE_complements/14_Questions-réponses sur le dispositif CEE/Tableau_BAR-EN-105_TPM_vf.xls","0,051"
"14_Questions-réponses sur le dispositif CEE","Tableau_BAR-TH-104_TOP_vf.xls","_CEE_complements/14_Questions-réponses sur le dispositif CEE/Tableau_BAR-TH-104_TOP_vf.xls","0,084"
"14_Questions-réponses sur le dispositif CEE","Tableau_BAR-TH-104_TOP_vf4.xls","_CEE_complements/14_Questions-réponses sur le dispositif CEE/Tableau_BAR-TH-104_TOP_vf4.xls","0,086"
"14_Questions-réponses sur le dispositif CEE","Tableau_BAR-TH-104_TPM_vf.xls","_CEE_complements/14_Questions-réponses sur le dispositif CEE/Tableau_BAR-TH-104_TPM_vf.xls","0,047"
"14_Questions-réponses sur le dispositif CEE","Tableau_BAR-TH-104_TPM_vf4.xls","_CEE_complements/14_Questions-réponses sur le dispositif CEE/Tableau_BAR-TH-104_TPM_vf4.xls","0,053"
"14_Questions-réponses sur le dispositif CEE","Tableau_BAR-TH-106_TOP.xls","_CEE_complements/14_Questions-réponses sur le dispositif CEE/Tableau_BAR-TH-106_TOP.xls","0,077"
"14_Questions-réponses sur le dispositif CEE","Tableau_BAR-TH-106_TPM.xls","_CEE_complements/14_Questions-réponses sur le dispositif CEE/Tableau_BAR-TH-106_TPM.xls","0,041"
"14_Questions-réponses sur le dispositif CEE","Tableau_BAR-TH-107-SE_TOP.xls","_CEE_complements/14_Questions-réponses sur le dispositif CEE/Tableau_BAR-TH-107-SE_TOP.xls","0,146"
"14_Questions-réponses sur le dispositif CEE","Tableau_BAR-TH-107-SE_TPM.xls","_CEE_complements/14_Questions-réponses sur le dispositif CEE/Tableau_BAR-TH-107-SE_TPM.xls","0,041"
"14_Questions-réponses sur le dispositif CEE","Tableau_BAR-TH-107_TOP.xls","_CEE_complements/14_Questions-réponses sur le dispositif CEE/Tableau_BAR-TH-107_TOP.xls","0,144"
"14_Questions-réponses sur le dispositif CEE","Tableau_BAR-TH-107_TPM.xls","_CEE_complements/14_Questions-réponses sur le dispositif CEE/Tableau_BAR-TH-107_TPM.xls","0,041"
"14_Questions-réponses sur le dispositif CEE","Tableau_BAR-TH-112_TOP_vf.xls","_CEE_complements/14_Questions-réponses sur le dispositif CEE/Tableau_BAR-TH-112_TOP_vf.xls","0,193"
"14_Questions-réponses sur le dispositif CEE","Tableau_BAR-TH-112_TPM_vf.xls","_CEE_complements/14_Questions-réponses sur le dispositif CEE/Tableau_BAR-TH-112_TPM_vf.xls","0,041"
"14_Questions-réponses sur le dispositif CEE","Tableau_BAR-TH-113_TOP_vf.xls","_CEE_complements/14_Questions-réponses sur le dispositif CEE/Tableau_BAR-TH-113_TOP_vf.xls","0,099"
"14_Questions-réponses sur le dispositif CEE","Tableau_BAR-TH-113_TOP_vf4.xls","_CEE_complements/14_Questions-réponses sur le dispositif CEE/Tableau_BAR-TH-113_TOP_vf4.xls","0,11"
"14_Questions-réponses sur le dispositif CEE","Tableau_BAR-TH-113_TPM_vf.xls","_CEE_complements/14_Questions-réponses sur le dispositif CEE/Tableau_BAR-TH-113_TPM_vf.xls","0,046"
"14_Questions-réponses sur le dispositif CEE","Tableau_BAR-TH-113_TPM_vf4.xls","_CEE_complements/14_Questions-réponses sur le dispositif CEE/Tableau_BAR-TH-113_TPM_vf4.xls","0,053"
"14_Questions-réponses sur le dispositif CEE","Tableau_BAR-TH-118_TOP.xls","_CEE_complements/14_Questions-réponses sur le dispositif CEE/Tableau_BAR-TH-118_TOP.xls","0,145"
"14_Questions-réponses sur le dispositif CEE","Tableau_BAR-TH-118_TPM.xls","_CEE_complements/14_Questions-réponses sur le dispositif CEE/Tableau_BAR-TH-118_TPM.xls","0,041"
"14_Questions-réponses sur le dispositif CEE","Tableau_BAR-TH-125_TOP_0.xlsx","_CEE_complements/14_Questions-réponses sur le dispositif CEE/Tableau_BAR-TH-125_TOP_0.xlsx","0,02"
"14_Questions-réponses sur le dispositif CEE","Tableau_BAR-TH-125_TPM_0.xlsx","_CEE_complements/14_Questions-réponses sur le dispositif CEE/Tableau_BAR-TH-125_TPM_0.xlsx","0,02"
"14_Questions-réponses sur le dispositif CEE","Tableau_BAR-TH-127_Installations-collectives_TOP.xls","_CEE_complements/14_Questions-réponses sur le dispositif CEE/Tableau_BAR-TH-127_Installations-collectives_TOP.xls","0,086"
"14_Questions-réponses sur le dispositif CEE","Tableau_BAR-TH-127_Installations-collectives_TPM.xls","_CEE_complements/14_Questions-réponses sur le dispositif CEE/Tableau_BAR-TH-127_Installations-collectives_TPM.xls","0,051"
"14_Questions-réponses sur le dispositif CEE","Tableau_BAR-TH-143_TOP_à compter de v79-6.xlsx","_CEE_complements/14_Questions-réponses sur le dispositif CEE/Tableau_BAR-TH-143_TOP_à compter de v79-6.xlsx","0,062"
"14_Questions-réponses sur le dispositif CEE","Tableau_BAR-TH-143_TPM_à compter du v79-6.xlsx","_CEE_complements/14_Questions-réponses sur le dispositif CEE/Tableau_BAR-TH-143_TPM_à compter du v79-6.xlsx","0,019"
"14_Questions-réponses sur le dispositif CEE","Tableau_BAR-TH-145-BAR-TH-164_TOP.xlsx","_CEE_complements/14_Questions-réponses sur le dispositif CEE/Tableau_BAR-TH-145-BAR-TH-164_TOP.xlsx","0,017"
"14_Questions-réponses sur le dispositif CEE","Tableau_BAR-TH-145-BAR-TH-164_TOP_vf3.xls","_CEE_complements/14_Questions-réponses sur le dispositif CEE/Tableau_BAR-TH-145-BAR-TH-164_TOP_vf3.xls","0,05"
"14_Questions-réponses sur le dispositif CEE","Tableau_BAR-TH-145-BAR-TH-164_TPM.xlsx","_CEE_complements/14_Questions-réponses sur le dispositif CEE/Tableau_BAR-TH-145-BAR-TH-164_TPM.xlsx","0,017"
"14_Questions-réponses sur le dispositif CEE","Tableau_BAR-TH-145-BAR-TH-164_TPM_vf3.xls","_CEE_complements/14_Questions-réponses sur le dispositif CEE/Tableau_BAR-TH-145-BAR-TH-164_TPM_vf3.xls","0,051"
"14_Questions-réponses sur le dispositif CEE","Tableau_BAR-TH-158_TOP.xls","_CEE_complements/14_Questions-réponses sur le dispositif CEE/Tableau_BAR-TH-158_TOP.xls","0,077"
"14_Questions-réponses sur le dispositif CEE","Tableau_BAR-TH-158_TPM.xls","_CEE_complements/14_Questions-réponses sur le dispositif CEE/Tableau_BAR-TH-158_TPM.xls","0,041"
"14_Questions-réponses sur le dispositif CEE","Tableau_BAR-TH-159_TOP_vf.xls","_CEE_complements/14_Questions-réponses sur le dispositif CEE/Tableau_BAR-TH-159_TOP_vf.xls","0,045"
"14_Questions-réponses sur le dispositif CEE","Tableau_BAR-TH-159_TOP_vpostarrêtéPAChybride.xls","_CEE_complements/14_Questions-réponses sur le dispositif CEE/Tableau_BAR-TH-159_TOP_vpostarrêtéPAChybride.xls","0,053"
"14_Questions-réponses sur le dispositif CEE","Tableau_BAR-TH-159_TPM_vf.xls","_CEE_complements/14_Questions-réponses sur le dispositif CEE/Tableau_BAR-TH-159_TPM_vf.xls","0,046"
"14_Questions-réponses sur le dispositif CEE","Tableau_BAR-TH-159_TPM_vpostarrêtéPAChybride.xls","_CEE_complements/14_Questions-réponses sur le dispositif CEE/Tableau_BAR-TH-159_TPM_vpostarrêtéPAChybride.xls","0,053"
"14_Questions-réponses sur le dispositif CEE","Tableau_BAR-TH-160_TOP_vf.xls","_CEE_complements/14_Questions-réponses sur le dispositif CEE/Tableau_BAR-TH-160_TOP_vf.xls","0,114"
"14_Questions-réponses sur le dispositif CEE","Tableau_BAR-TH-160_TPM_vf.xls","_CEE_complements/14_Questions-réponses sur le dispositif CEE/Tableau_BAR-TH-160_TPM_vf.xls","0,047"
"14_Questions-réponses sur le dispositif CEE","Tableau_BAR-TH-161_TOP_vf.xls","_CEE_complements/14_Questions-réponses sur le dispositif CEE/Tableau_BAR-TH-161_TOP_vf.xls","0,153"
"14_Questions-réponses sur le dispositif CEE","Tableau_BAR-TH-161_TPM_vf.xls","_CEE_complements/14_Questions-réponses sur le dispositif CEE/Tableau_BAR-TH-161_TPM_vf.xls","0,046"
"14_Questions-réponses sur le dispositif CEE","Tableau_BAR-TH-171_172_TOP_à compter de v78-4 .xlsx","_CEE_complements/14_Questions-réponses sur le dispositif CEE/Tableau_BAR-TH-171_172_TOP_à compter de v78-4 .xlsx","0,032"
"14_Questions-réponses sur le dispositif CEE","Tableau_BAR-TH-171_172_TPM_à compter de v78-4 .xlsx","_CEE_complements/14_Questions-réponses sur le dispositif CEE/Tableau_BAR-TH-171_172_TPM_à compter de v78-4 .xlsx","0,038"
"14_Questions-réponses sur le dispositif CEE","Tableau_BAR-TH-171_BAR-TH-172_TOP_NOUVEAU MODELE_0.xlsx","_CEE_complements/14_Questions-réponses sur le dispositif CEE/Tableau_BAR-TH-171_BAR-TH-172_TOP_NOUVEAU MODELE_0.xlsx","0,03"
"14_Questions-réponses sur le dispositif CEE","Tableau_BAR-TH-171_BAR-TH-172_TOP_vf4.xls","_CEE_complements/14_Questions-réponses sur le dispositif CEE/Tableau_BAR-TH-171_BAR-TH-172_TOP_vf4.xls","0,105"
"14_Questions-réponses sur le dispositif CEE","Tableau_BAR-TH-171_BAR-TH-172_TPM_NOUVEAU MODELE_0.xlsx","_CEE_complements/14_Questions-réponses sur le dispositif CEE/Tableau_BAR-TH-171_BAR-TH-172_TPM_NOUVEAU MODELE_0.xlsx","0,034"
"14_Questions-réponses sur le dispositif CEE","Tableau_BAR-TH-171_BAR-TH-172_TPM_vf4.xls","_CEE_complements/14_Questions-réponses sur le dispositif CEE/Tableau_BAR-TH-171_BAR-TH-172_TPM_vf4.xls","0,055"
"14_Questions-réponses sur le dispositif CEE","Tableau_BAR-TH-173_TOP.xls","_CEE_complements/14_Questions-réponses sur le dispositif CEE/Tableau_BAR-TH-173_TOP.xls","0,083"
"14_Questions-réponses sur le dispositif CEE","Tableau_BAR-TH-173_TPM.xls","_CEE_complements/14_Questions-réponses sur le dispositif CEE/Tableau_BAR-TH-173_TPM.xls","0,041"
"14_Questions-réponses sur le dispositif CEE","Tableau_BAR-TH-177_TOP.xlsx","_CEE_complements/14_Questions-réponses sur le dispositif CEE/Tableau_BAR-TH-177_TOP.xlsx","0,017"
"14_Questions-réponses sur le dispositif CEE","Tableau_BAR-TH-177_TPM_0.xlsx","_CEE_complements/14_Questions-réponses sur le dispositif CEE/Tableau_BAR-TH-177_TPM_0.xlsx","0,017"
"14_Questions-réponses sur le dispositif CEE","Tableau_BAT-EQ-127_TOP.xls","_CEE_complements/14_Questions-réponses sur le dispositif CEE/Tableau_BAT-EQ-127_TOP.xls","0,077"
"14_Questions-réponses sur le dispositif CEE","Tableau_BAT-EQ-127_TPM.xls","_CEE_complements/14_Questions-réponses sur le dispositif CEE/Tableau_BAT-EQ-127_TPM.xls","0,041"
"14_Questions-réponses sur le dispositif CEE","Tableau_BAT-EQ-133_TOP.xls","_CEE_complements/14_Questions-réponses sur le dispositif CEE/Tableau_BAT-EQ-133_TOP.xls","0,08"
"14_Questions-réponses sur le dispositif CEE","Tableau_BAT-EQ-133_TPM.xls","_CEE_complements/14_Questions-réponses sur le dispositif CEE/Tableau_BAT-EQ-133_TPM.xls","0,041"
"14_Questions-réponses sur le dispositif CEE","Tableau_BAT-TH-102_TOP.xls","_CEE_complements/14_Questions-réponses sur le dispositif CEE/Tableau_BAT-TH-102_TOP.xls","0,076"
"14_Questions-réponses sur le dispositif CEE","Tableau_BAT-TH-102_TPM.xls","_CEE_complements/14_Questions-réponses sur le dispositif CEE/Tableau_BAT-TH-102_TPM.xls","0,041"
"14_Questions-réponses sur le dispositif CEE","Tableau_BAT-TH-113_TOP_0.xls","_CEE_complements/14_Questions-réponses sur le dispositif CEE/Tableau_BAT-TH-113_TOP_0.xls","0,086"
"14_Questions-réponses sur le dispositif CEE","Tableau_BAT-TH-113_TPM_0.xls","_CEE_complements/14_Questions-réponses sur le dispositif CEE/Tableau_BAT-TH-113_TPM_0.xls","0,062"
"14_Questions-réponses sur le dispositif CEE","Tableau_BAT-TH-116_TOP_vpubli.xls","_CEE_complements/14_Questions-réponses sur le dispositif CEE/Tableau_BAT-TH-116_TOP_vpubli.xls","0,077"
"14_Questions-réponses sur le dispositif CEE","Tableau_BAT-TH-116_TPM_vpubli.xls","_CEE_complements/14_Questions-réponses sur le dispositif CEE/Tableau_BAT-TH-116_TPM_vpubli.xls","0,051"
"14_Questions-réponses sur le dispositif CEE","Tableau_BAT-TH-139_TOP_vf.xls","_CEE_complements/14_Questions-réponses sur le dispositif CEE/Tableau_BAT-TH-139_TOP_vf.xls","0,109"
"14_Questions-réponses sur le dispositif CEE","Tableau_BAT-TH-139_TPM_vf.xls","_CEE_complements/14_Questions-réponses sur le dispositif CEE/Tableau_BAT-TH-139_TPM_vf.xls","0,052"
"14_Questions-réponses sur le dispositif CEE","Tableau_BAT-TH-142_TOP.xls","_CEE_complements/14_Questions-réponses sur le dispositif CEE/Tableau_BAT-TH-142_TOP.xls","0,12"
"14_Questions-réponses sur le dispositif CEE","Tableau_BAT-TH-142_TPM.xls","_CEE_complements/14_Questions-réponses sur le dispositif CEE/Tableau_BAT-TH-142_TPM.xls","0,189"
"14_Questions-réponses sur le dispositif CEE","Tableau_BAT-TH-146_TOP_vf.xls","_CEE_complements/14_Questions-réponses sur le dispositif CEE/Tableau_BAT-TH-146_TOP_vf.xls","0,073"
"14_Questions-réponses sur le dispositif CEE","Tableau_BAT-TH-146_TPM_vf.xls","_CEE_complements/14_Questions-réponses sur le dispositif CEE/Tableau_BAT-TH-146_TPM_vf.xls","0,048"
"14_Questions-réponses sur le dispositif CEE","Tableau_BAT-TH-155_TOP_vf.xls","_CEE_complements/14_Questions-réponses sur le dispositif CEE/Tableau_BAT-TH-155_TOP_vf.xls","0,072"
"14_Questions-réponses sur le dispositif CEE","Tableau_BAT-TH-155_TPM_vf.xls","_CEE_complements/14_Questions-réponses sur le dispositif CEE/Tableau_BAT-TH-155_TPM_vf.xls","0,046"
"14_Questions-réponses sur le dispositif CEE","Tableau_BAT-TH-157_TOP.xls","_CEE_complements/14_Questions-réponses sur le dispositif CEE/Tableau_BAT-TH-157_TOP.xls","0,088"
"14_Questions-réponses sur le dispositif CEE","Tableau_BAT-TH-157_TPM.xls","_CEE_complements/14_Questions-réponses sur le dispositif CEE/Tableau_BAT-TH-157_TPM.xls","0,052"
"14_Questions-réponses sur le dispositif CEE","Tableau_CDP_TOP_VF.xls","_CEE_complements/14_Questions-réponses sur le dispositif CEE/Tableau_CDP_TOP_VF.xls","0,042"
"14_Questions-réponses sur le dispositif CEE","Tableau_CDP_TPM_VF.xls","_CEE_complements/14_Questions-réponses sur le dispositif CEE/Tableau_CDP_TPM_VF.xls","0,042"
"14_Questions-réponses sur le dispositif CEE","Tableau_IND-BA-110_TOP_0.xls","_CEE_complements/14_Questions-réponses sur le dispositif CEE/Tableau_IND-BA-110_TOP_0.xls","0,114"
"14_Questions-réponses sur le dispositif CEE","Tableau_IND-BA-110_TPM_0.xls","_CEE_complements/14_Questions-réponses sur le dispositif CEE/Tableau_IND-BA-110_TPM_0.xls","0,197"
"14_Questions-réponses sur le dispositif CEE","Tableau_IND-BA-112_TOP_vf.xls","_CEE_complements/14_Questions-réponses sur le dispositif CEE/Tableau_IND-BA-112_TOP_vf.xls","0,108"
"14_Questions-réponses sur le dispositif CEE","Tableau_IND-BA-112_TPM_vf.xls","_CEE_complements/14_Questions-réponses sur le dispositif CEE/Tableau_IND-BA-112_TPM_vf.xls","0,05"
"14_Questions-réponses sur le dispositif CEE","Tableau_IND-UT-102_TOP_vf.xls","_CEE_complements/14_Questions-réponses sur le dispositif CEE/Tableau_IND-UT-102_TOP_vf.xls","0,099"
"14_Questions-réponses sur le dispositif CEE","Tableau_IND-UT-102_TPM_vf.xls","_CEE_complements/14_Questions-réponses sur le dispositif CEE/Tableau_IND-UT-102_TPM_vf.xls","0,048"
"14_Questions-réponses sur le dispositif CEE","Tableau_IND-UT-116_TOP_vf.xls","_CEE_complements/14_Questions-réponses sur le dispositif CEE/Tableau_IND-UT-116_TOP_vf.xls","0,087"
"14_Questions-réponses sur le dispositif CEE","Tableau_IND-UT-116_TPM_vf.xls","_CEE_complements/14_Questions-réponses sur le dispositif CEE/Tableau_IND-UT-116_TPM_vf.xls","0,048"
"14_Questions-réponses sur le dispositif CEE","Tableau_IND-UT-117_TOP_vf.xls","_CEE_complements/14_Questions-réponses sur le dispositif CEE/Tableau_IND-UT-117_TOP_vf.xls","0,097"
"14_Questions-réponses sur le dispositif CEE","Tableau_IND-UT-117_TPM_vf.xls","_CEE_complements/14_Questions-réponses sur le dispositif CEE/Tableau_IND-UT-117_TPM_vf.xls","0,053"
"14_Questions-réponses sur le dispositif CEE","Tableau_IND-UT-121_TOP_vf.xls","_CEE_complements/14_Questions-réponses sur le dispositif CEE/Tableau_IND-UT-121_TOP_vf.xls","0,109"
"14_Questions-réponses sur le dispositif CEE","Tableau_IND-UT-121_TPM_vf.xls","_CEE_complements/14_Questions-réponses sur le dispositif CEE/Tableau_IND-UT-121_TPM_vf.xls","0,045"
"14_Questions-réponses sur le dispositif CEE","Tableau_IND-UT-129_TOP_vf.xls","_CEE_complements/14_Questions-réponses sur le dispositif CEE/Tableau_IND-UT-129_TOP_vf.xls","0,173"
"14_Questions-réponses sur le dispositif CEE","Tableau_IND-UT-129_TPM_vf.xls","_CEE_complements/14_Questions-réponses sur le dispositif CEE/Tableau_IND-UT-129_TPM_vf.xls","0,05"
"14_Questions-réponses sur le dispositif CEE","Tableau_IND-UT-134_TOP.xls","_CEE_complements/14_Questions-réponses sur le dispositif CEE/Tableau_IND-UT-134_TOP.xls","0,089"
"14_Questions-réponses sur le dispositif CEE","Tableau_IND-UT-134_TPM.xls","_CEE_complements/14_Questions-réponses sur le dispositif CEE/Tableau_IND-UT-134_TPM.xls","0,054"
"14_Questions-réponses sur le dispositif CEE","Tableau_IND-UT-137_TOP_vf.xls","_CEE_complements/14_Questions-réponses sur le dispositif CEE/Tableau_IND-UT-137_TOP_vf.xls","0,16"
"14_Questions-réponses sur le dispositif CEE","Tableau_IND-UT-137_TPM_vf.xls","_CEE_complements/14_Questions-réponses sur le dispositif CEE/Tableau_IND-UT-137_TPM_vf.xls","0,058"
"14_Questions-réponses sur le dispositif CEE","Tableau_IND-UT-138_TOP_vf.xls","_CEE_complements/14_Questions-réponses sur le dispositif CEE/Tableau_IND-UT-138_TOP_vf.xls","0,094"
"14_Questions-réponses sur le dispositif CEE","Tableau_IND-UT-138_TPM_vf.xls","_CEE_complements/14_Questions-réponses sur le dispositif CEE/Tableau_IND-UT-138_TPM_vf.xls","0,056"
"14_Questions-réponses sur le dispositif CEE","Tableau_IND-UT-139_TOP_vf.xls","_CEE_complements/14_Questions-réponses sur le dispositif CEE/Tableau_IND-UT-139_TOP_vf.xls","0,102"
"14_Questions-réponses sur le dispositif CEE","Tableau_IND-UT-139_TPM_vf.xls","_CEE_complements/14_Questions-réponses sur le dispositif CEE/Tableau_IND-UT-139_TPM_vf.xls","0,055"
"14_Questions-réponses sur le dispositif CEE","Tableau_RES-CH-106_TOP_vpubli.xls","_CEE_complements/14_Questions-réponses sur le dispositif CEE/Tableau_RES-CH-106_TOP_vpubli.xls","0,075"
"14_Questions-réponses sur le dispositif CEE","Tableau_RES-CH-106_TPM_vpubli.xls","_CEE_complements/14_Questions-réponses sur le dispositif CEE/Tableau_RES-CH-106_TPM_vpubli.xls","0,05"
"14_Questions-réponses sur le dispositif CEE","Tableau_RES-CH-107_TOP_vpubli.xls","_CEE_complements/14_Questions-réponses sur le dispositif CEE/Tableau_RES-CH-107_TOP_vpubli.xls","0,075"
"14_Questions-réponses sur le dispositif CEE","Tableau_RES-CH-107_TPM_vpubli.xls","_CEE_complements/14_Questions-réponses sur le dispositif CEE/Tableau_RES-CH-107_TPM_vpubli.xls","0,049"
"14_Questions-réponses sur le dispositif CEE","Tableau_RES-CH-108_TOP_vf.xls","_CEE_complements/14_Questions-réponses sur le dispositif CEE/Tableau_RES-CH-108_TOP_vf.xls","0,105"
"14_Questions-réponses sur le dispositif CEE","Tableau_RES-CH-108_TPM_vf.xls","_CEE_complements/14_Questions-réponses sur le dispositif CEE/Tableau_RES-CH-108_TPM_vf.xls","0,046"
"14_Questions-réponses sur le dispositif CEE","Tableau_RES-EC-104_TOP_vpubli.xls","_CEE_complements/14_Questions-réponses sur le dispositif CEE/Tableau_RES-EC-104_TOP_vpubli.xls","0,073"
"14_Questions-réponses sur le dispositif CEE","Tableau_RES-EC-104_TOP_à compter de v62-2.xlsx","_CEE_complements/14_Questions-réponses sur le dispositif CEE/Tableau_RES-EC-104_TOP_à compter de v62-2.xlsx","0,019"
"14_Questions-réponses sur le dispositif CEE","Tableau_RES-EC-104_TPM_vpubli.xls","_CEE_complements/14_Questions-réponses sur le dispositif CEE/Tableau_RES-EC-104_TPM_vpubli.xls","0,047"
"14_Questions-réponses sur le dispositif CEE","Tableau_RES-EC-104_TPM_à compter de v62-2.xls","_CEE_complements/14_Questions-réponses sur le dispositif CEE/Tableau_RES-EC-104_TPM_à compter de v62-2.xls","0,042"
"14_Questions-réponses sur le dispositif CEE","Tableau_TRA-EQ-101_TPM.xls","_CEE_complements/14_Questions-réponses sur le dispositif CEE/Tableau_TRA-EQ-101_TPM.xls","0,04"
"14_Questions-réponses sur le dispositif CEE","Tableau_TRA-EQ-107_TPM.xls","_CEE_complements/14_Questions-réponses sur le dispositif CEE/Tableau_TRA-EQ-107_TPM.xls","0,04"
"14_Questions-réponses sur le dispositif CEE","Tableau_TRA-EQ-108_TPM.xls","_CEE_complements/14_Questions-réponses sur le dispositif CEE/Tableau_TRA-EQ-108_TPM.xls","0,041"
"14_Questions-réponses sur le dispositif CEE","Tableau_TRA-EQ-114 PM VF.xls","_CEE_complements/14_Questions-réponses sur le dispositif CEE/Tableau_TRA-EQ-114 PM VF.xls","0,042"
"14_Questions-réponses sur le dispositif CEE","Tableau_TRA-EQ-117 PP VF.xls","_CEE_complements/14_Questions-réponses sur le dispositif CEE/Tableau_TRA-EQ-117 PP VF.xls","0,041"
"14_Questions-réponses sur le dispositif CEE","Tableau_TRA-EQ-124_TOP.xls","_CEE_complements/14_Questions-réponses sur le dispositif CEE/Tableau_TRA-EQ-124_TOP.xls","0,083"
"14_Questions-réponses sur le dispositif CEE","Tableau_TRA-EQ-124_TPM.xls","_CEE_complements/14_Questions-réponses sur le dispositif CEE/Tableau_TRA-EQ-124_TPM.xls","0,046"
"14_Questions-réponses sur le dispositif CEE","Tableau_TRA-EQ-128 PM VF.xls","_CEE_complements/14_Questions-réponses sur le dispositif CEE/Tableau_TRA-EQ-128 PM VF.xls","0,049"
"14_Questions-réponses sur le dispositif CEE","Tableau_TRA-EQ-129 PM VF.xls","_CEE_complements/14_Questions-réponses sur le dispositif CEE/Tableau_TRA-EQ-129 PM VF.xls","0,05"
"14_Questions-réponses sur le dispositif CEE","Tableau_TRA-EQ-130 PM VF.xls","_CEE_complements/14_Questions-réponses sur le dispositif CEE/Tableau_TRA-EQ-130 PM VF.xls","0,049"
"14_Questions-réponses sur le dispositif CEE","Tableau_TRA-EQ-130 PP VF.xls","_CEE_complements/14_Questions-réponses sur le dispositif CEE/Tableau_TRA-EQ-130 PP VF.xls","0,048"
"14_Questions-réponses sur le dispositif CEE","Tableau_TRA-EQ-131_2.xls","_CEE_complements/14_Questions-réponses sur le dispositif CEE/Tableau_TRA-EQ-131_2.xls","0,092"
"14_Questions-réponses sur le dispositif CEE","Tableau_TRA-SE-114_TOP.xls","_CEE_complements/14_Questions-réponses sur le dispositif CEE/Tableau_TRA-SE-114_TOP.xls","0,077"
"14_Questions-réponses sur le dispositif CEE","Tableau_TRA-SE-115_TOP.xls","_CEE_complements/14_Questions-réponses sur le dispositif CEE/Tableau_TRA-SE-115_TOP.xls","0,072"
"15_SARE- Service d'accompagnement pour la rénovation énergétique","Arrêté_programme CEE SARE.pdf","_CEE_complements/15_SARE- Service d'accompagnement pour la rénovation énergétique/Arrêté_programme CEE SARE.pdf","0,669"
"15_SARE- Service d'accompagnement pour la rénovation énergétique","Convention nationale programme SARE avec annexes.pdf","_CEE_complements/15_SARE- Service d'accompagnement pour la rénovation énergétique/Convention nationale programme SARE avec annexes.pdf","14,592"
"15_SARE- Service d'accompagnement pour la rénovation énergétique","page.html","_CEE_complements/15_SARE- Service d'accompagnement pour la rénovation énergétique/page.html","0,152"
"15_SARE- Service d'accompagnement pour la rénovation énergétique","page.txt","_CEE_complements/15_SARE- Service d'accompagnement pour la rénovation énergétique/page.txt","0,045"
